"No.","URL","Detection","Registration","Host Country","Canadian Content","Risk","Type","Detected By","IP","Regulation","Canada Regulation","Payment Service","Google Analytics","Phone Number","Physical Location","Action"
"601","http://prudent-growth.com","2024-12-08","2024-12-04","","","Critical","Investment","","147.79.84.138","","","","","","20 Gregory Terrace, Alice Springs NT 0870, Australia","Save                                 Edit                                 Close                             "">                                                                                                       build futur knowledg profession industri lead tool unit one thing make smarter profit investor prudent-growth.com prudent-growth.com modern-day invest compani use state-of-the-art trade technolog yield interest 's numer client around world prudent-growth.com stand digit asset invest compani amongst other compani creat provid intellig portfolio smart investor customer-eccentr approach safe high-end trade platform tool invest method elimin risk often associ earn digit asset compani offer exclClose"">"
"602","http://stoforc.net","2024-12-08","2024-12-04","","","Critical","Investment","","185.230.63.171","authorizedrecognizedx"">Details","","paypaldiscoverx"">Details","","","","Save                                 Edit                                 Close                             "">                                                                                                       us enrol us revolution stock option trade sm synopsi stoforc.lmt new financi advisori compani compos thirteen stock option trader offer subscrib apr stock option recommend uniqu give servic out-of-pocket expens requir sensit id inform hands-off manag polici money provid recommend retain complet control invest choos whether act advic best manag money one els enrol requir home address receiv welcom packag email receiv recommend detail thank visit websit consist two page page introduc second page oClose"">"
"603","http://bitexe.net","2024-12-08","2024-12-04","","","Critical","Investment","","172.67.154.74","regulatedx"">Details","","","","","","Save                                 Edit                                 Close                             "">                                                                                                       receiv extra bonu us month go partner limit time bitex proud announc go partner campaign referr partner opportun earn extra bonu top rebat simpli refer new client busi go go partner bitex cs appli referr partner bonu promot new way explor global market trade market secur softwar stay top account trade anywher anytim devic invest trend worldwid leverag trade report 2022. trade bitex bitex trade fulli autom human discretionari trader make hedg execut decis base client trade behaviour account profiClose"">"
"604","http://twistadd4u.com","2024-12-08","2024-12-04","","","Critical","Investment","","185.151.30.154","","","","","","","Save                                 Edit                                 Close                             "">                                                                                                       secur journey toward wealth twist add 4u key secur futur join twist add 4u trust invest platform offer profit forex trade opportun whether 're experienc start strategi expert guidanc help achiev financi success invest plan plan offer tailor specif meet need ta-4u rs ta-4u rs ta-4u rs ta-4u rs ta-4u rs ta-4u rs ta-4u rs ta-4u rs ta-4u rs ta-4u rs ta-4u rs ta-4u rs ta-4u rs ta-4u rs invest estim maxim earn ultim toolkit higher return watch invest work start earn journey eas simpl process makeClose"">"
"605","http://wealthmanagment.net","2024-12-08","2024-12-04","","","Critical","Investment","","145.223.77.190","licensedcharteredx"">Details","","","","","61 Lyndon Road, Bramham, Wetherby, England, United Kingdom","Save                                 Edit                                 Close                             "">                                                                                                       welcom wealth manag crypto-curr trade mine forex trade no.1 asset manag compani welcom wealth manag wealth manag profession invest corpor engag crypto-curr trade mine forex trade miner mine wealth manag base licens unit kingdom guarante withdraw process within instantli possibl trade weekend wide rang fund withdraw method secur trade data protect wealth manag enterpris custom servic avail 24/7 continu ad new financi instrument independ help specialist learn trade strategi evalu fast process payoClose"">"
"606","http://quidextrades.com","2024-12-08","2024-12-04","","","Critical","Investment","","208.98.35.111","registeredregulatedauthorizedx"">Details","","","","","4651 Westport Dr Mechanicsburg, PA, 17055-4843 United States","Save                                 Edit                                 Close                             "">                                                                                                       build better stronger financ never limit scope dream big never settl less work team inspir empow achiev big goal compani stori mission quidextrad setup promot implement high qualiti standard compet ethic behavior financi advisori sector larg investor commun assur best profit earn opportun grab chanc ensur equal share us want grow develop trade industri make happen invest growth trade top cryptocurr help investor maxim thier profit invest platform cryptocurr trade involv specul price movement viaClose"">"
"607","http://goldoptionscfx.pro","2024-12-08","2024-12-08","","","High","Investment","","104.21.48.1","certifiedx"">Details","","","","","","Save                                 Edit                                 Close                             "">                                                                                                       invest futur stabl platform make fast money invest industri leader profession reliabl compani provid necessari featur make experi better guarante fastest excit return invest also guarante secur invest us intern financi compani engag invest activ relat trade financi market cryptocurr exchang perform qualifi profession trader goal provid investor reliabl sourc high incom minim possibl risk offer high-qual servic allow us autom simplifi relat investor truste work toward increas profit margin profitClose"">"
"608","http://p2pvaults.com","2024-12-08","2024-12-04","","","Critical","Investment","","198.54.115.3","","","paypalx"">Details","","","002938, 4.78%, IMO","Save                                 Edit                                 Close                             "">                                                                                                       p2pvault easiest power wallet p2pvault cryptocurr everyon safest popular wallet invest store cryptocurr buy spend crypto fiat p2pvault classi p2pvault user choos crypto wallet manag cryptocurr wallet in-app instantli convert low network fee low commiss ultra fast secur instant privat transact highli scalabl limitless applic reliabl low cost low transact fee digit asset one vault cloud wallet hd wallet tear barrier securit send receiv swap cryptocurr anywher world without bank fee question delay Close"">"
"609","http://techinvestfx.online","2024-12-08","2024-12-05","","","Critical","Investment","","92.113.28.249","regulatedapprovedgovernedrecognizedx"">Details","","","","+447538560372","432 Centre St Beach Haven, New Jersey(NJ), United States","Save                                 Edit                                 Close                             "">                                                                                                       better way trade invest techinvestfx help million custom achiev financi goal help trade invest eas bitcoin btc ethereum eth price 859.86 ethereum eth cardano ada creat crypto account techinvestfx binari option forex/cfd cryptocurr broker fulli regul govern sec secur exchang commission.techinvestfx onlin financi trade platform offer servic dozen languag provid live support 24/7 byemploye year experi field get start minut us trust cryptocurr platform deposit crypto earn reward p.a crypto p.a stablClose"">"
"610","http://alphatradespro.com","2024-12-08","2024-12-04","","","Critical","Investment","","95.217.145.143","","","discoverx"">Details","","","64 Garrett Mansions, 287 Edgware Road, London, United Kingdom, W2 1GN","Save                                 Edit                                 Close                             "">                                                                                                       connect wallet trade across profit market use volatil systemat risk secur portfolio compar market analysi trade across market explor alpha trade web3 product stake unlock passiv profit one click ido first enjoy exclus token discount lotteri particip excit lotteri win big prize buy crypto buy crypto anytim anywher easili trade bot get start trust profit platform driven artifici intellig safeguard organ also educ workforc creat account verifi ident deposit buy crypto start journey discov web3 acceClose"">"
"611","http://blueribbonroofcleaning.co.uk","2024-12-08","2024-12-04","","","Critical","Investment","","185.151.30.155","","","","","","","Save                                 Edit                                 Close                             "">                                                                                                       five star rate local compani five star rate local compani blue ribbon roof clean let solv roof clean problem togeth moss dirt alga complet remov extend life tile year gutter clear complet free charg hire blue ribbon clean moss debri roof couldnt happier result arriv time work effici definit recommend servic anyon need roof clean carolin thoma heather baldri pleas quickli got job done clean accumul debri left roof spotless hour team friendli thorough made sure check gutter great job emili morgan Close"">"
"612","http://invoicedoodle.com","2024-12-08","2024-12-04","","","Critical","Investment","","76.76.21.61","licensedregulatedx"">Details","","paypalstripex"">Details","","+15551234567","","Save                                 Edit                                 Close                             "">                                                                                                       invoicedoodl revolution b2b payment accept crypto card bank transfer secur web3 invoic platform choos invoicedoodl enterprise-grad secur bank-level encrypt smart contract audit maximum protect multipl payment method accept crypto credit card bank transfer one platform smart autom autom invoic remind payment reconcili easi integr seamlessli connect exist account softwar real-tim analyt track payment monitor busi perform real-tim global complianc meet intern payment regul standard trust industri lClose"">"
"613","http://cgfadvertise.com","2024-12-08","2024-12-04","","","Critical","Investment","","172.67.176.118","registeredlicensedregulatedauthorizedx"">Details","","visamastercardamerican expressdiscoverx"">Details","","+97145559581","","Save                                 Edit                                 Close                             "">                                                                                                       trade account condit market tool compani partner english 300+ trade product 000+ activ client worldwid billion+ monthli trade volum million+ avg monthli deposit offici trade partner access popular trade product forex trade indic trade metal trade crypto trade energi trade stock trade forex trade unlock global forex market trade wide rang popular currenc pair except trade condit live account access market account suitabl need cent trade confidence.tailor trader min deposit usd spread pip 1.6 max Close"">"
"614","http://stctrdgomrk.com","2024-12-08","2024-12-04","","","Critical","Investment","","70.39.248.167","registeredlicensedregulatedcertifiedx"">Details","","discoverx"">Details","","","","Save                                 Edit                                 Close                             "">                                                                                                       get freedom market trade forex cryptocurr stock indic commod forex singl account trade forex/ cfd highli specul carri high level risk let top trader job covest allow automat copi top perform trader achiev return trade forex/ cfd highli specul carri high level risk less commiss forex crypto index stock energi commod market analysi andtrad inspir thrive network expert client stocktradingomarket open door mani opportun power market insight top trade setup industri extens connect profession trader eClose"">"
"615","http://auxesis365.com","2024-12-08","2024-12-04","","","Critical","Investment","","147.79.72.25","","","","","","","Save                                 Edit                                 Close                             "">                                                                                                       profit rise trade platform support financi goal smooth experi devic whether prefer trade desk go auxesi trade got cover custom-built platform adapt devic may choos switch seamless seven year impecc servic auxesi trade found group profession art combin technic expertis requir copi profession trader cant trade forex trade crypto currenc trade stock trade dedic corpor team state art headquart passion help strong desir improv live countri trader world trust top market trade platform interfac local lClose"">"
"616","http://tteslaspacextrade.online","2024-12-08","2024-12-05","","","Critical","Investment","","23.88.73.116","","","paypalvisax"">Details","","","","Save                                 Edit                                 Close                             "">                                                                                                       built trader trader start build yourportfolio one click smooth experi devic whether prefer trade desk go apex stock exchangeha got cover 4.3 platform rate sign trade less minut trade new popular cryptocurr track portfolio easi use app join million user choos apex stock exchang strength numb market lead insur user 000+ activ user worldwid award-win broker 12+ industri award trade secur rest mind trust third parti vendor buy quickli easili use credit card payment app bank account buy bitcoin bitcoClose"">"
"617","http://bitcoinreserve-events.com","2024-12-08","2024-12-04","","","Critical","Investment","","172.67.136.128","registeredlicensedvalidatedx"">Details","","visadiscoverstripex"">Details","","","","Save                                 Edit                                 Close                             "">                                                                                                       strateg bitcoin reward updat holder invit vote upcom reward date strateg bitcoin reserv strateg bitcoin reserv sbr repres new paradigm cryptocurr invest strategi built ethereum network sbr combin tradit reserv principl modern blockchain technolog secur advanc smart contract architectur ensur maximum protection.liquid lock year transpar full visibl transact hold ethereum blockchain innov cutting-edg defi integr strateg partnership tokenom total suppli sbr contract address 0xd6203889c22d9fe5e938a9Close"">"
"618","http://bitcrypto.world","2024-12-08","2024-12-08","","","Critical","Investment","","172.67.162.120","","","","","","","Save                                 Edit                                 Close                             "">                                                                                                       complet trade essenti unifi singl platform integr order spor margin set take profit stop loss limit order advanc order type spot margin one unifi order interfac 5x leverag deep liquid order book depth example.com offer best-in-class liquid order book depth allow larg trade execut least slippag fulli customiz workspac custom trade trade canvas drag-and-drop modul multi-chart trade data widget zero-fe trade unlock zero maker taker spot trade fee stake coin invest plan trade futur leverag futur traClose"">"
"619","http://emperorminingrig.live","2024-12-08","2024-12-08","","","High","Investment","","141.136.43.253","","","paypalx"">Details","","+00121665645","","Save                                 Edit                                 Close                             "">                                                                                                       achiev best hashrat emperor mine rig cryptocurr mine applic design highli secur platform design futur miner start mine achiev highest level hashrat much earn emperor mine rig emperor mine rig one lead cryptocurr mine platform offer cryptocurr mine capac everi rang newcom mission make acquir cryptocurr easi fast everyon perform ultim perform low cost world wide servic servic custom 100+ countri multipl cryptocurr offer 10+ minabl cryptocurr emperor mine rig work learn work process need follow steClose"">"
"620","http://cryptonanceinvest.com","2024-12-08","2024-12-04","","","High","Investment","","193.29.59.104","","","","","5096406253","","Save                                 Edit                                 Close                             "">                                                                                                       cryptocurr invest futur crypton industri lead cryptocurr invest compani trade invest crypto crypot confid best algorithin profit trade invest reliabl compani today sure start start us crypton establish intern financi brokerag compani special profit cryptocurr trade mine invest forest trade team compet trader determin provid conduc invest esteem investor minim loss offer safe invest edg cut technolog abl autom trade invest return crypton guarante return invest invest plan start earn pick invest pClose"">"
"621","http://paytense.com","2024-12-08","2024-12-04","","","Critical","Investment","","157.173.214.108","registeredlicensedregulatedcompliantapprovedauditedx"">Details","ontario securities commissionx"">Details","stripex"">Details","","","","Save                                 Edit                                 Close                             "">                                                                                                       borrow crypto confid choos financi freedom secur transpar eas welcom paytens mason verslui organ built peopl peopl use paytenselend transpar collater alway visibl blockchain log dashboard monitor collater 24/7 directli blockchain complet peac mind everi loan competit term origin earli repay fee choos flexibl term month ltv pay minimum monthli interest opt equal amort payment safeti secur safeti collater top concern collater never re-invest held cold storag wallet insur 250m complianc take compliClose"">"
"622","http://cbstradinginvest.com","2024-12-08","2024-12-04","","","Critical","Investment","","147.79.79.119","","","","","923","","Save                                 Edit                                 Close                             "">                                                                                                       locat address islamabad pakistan pk call us time +923 email us time info cbstradinginvest.com signup bonu offici compani trust compani term condit select plan cbs-01 world best invest compani rs255 cbs-02 world best invest compani rs800 cbs-03 world best invest compani rs1800 cbs-04 world best invest compani rs3200 cbs-05 world best invest compani rs6400 cbs-06 world best invest compani rs10000 cbs-07 world best invest compani rs20000 cbs-08 world best invest compani rs38000 cbs-09 world best inClose"">"
"623","http://xspacestrading.com","2024-12-08","2024-12-04","","","Critical","Investment","","157.173.214.213","registeredcontrolledx"">Details","","","","","245 Grand Street, 2nd Floor, New York, 10002, United States","Save                                 Edit                                 Close                             "">                                                                                                       trade forex commod financi think digit cash rapidli gain popular among trade commun lot big multin exchang adopt coin alreadi join 000+ trader open account us simpl free open account oblig fund trade market line mission ensur unlimit trade opportun offer custom access widest varieti market forex metal energi trade market platform time place without lose time switch system profession team best experienc profession manag team reli guarante best pip strategi ensur innov veteran control minim risk eClose"">"
"624","http://rihanicrown.com","2024-12-08","2024-12-04","","","Critical","Investment","","46.202.161.33","","","discoverstripex"">Details","","+447723557667","","Save                                 Edit                                 Close                             "">                                                                                                       request call-back pleas fill form andw call back compani vision creat ultim forex trade destin start trade trade trade popular currenc pair cfd enhanc execut restrict stop limit order start trade market access multipl trade product competit price prompt execut better profit start trade platform institut multi-asset platform offer outstand trade possibl start trade knowledg catalyst develop trade skill start trade research keep abreast research start trade trade 400+ multi asset singl account preClose"">"
"625","http://hubital-growths.com","2024-12-08","2024-12-04","","","Critical","Investment","","135.181.226.230","authorizedx"">Details","","","","","","Save                                 Edit                                 Close                             "">                                                                                                       investgrowprofit membership registr first need becom member hubit growth inc. regist choos plan uniqu earn plan suitabl passiv incom start earn passiv get paid upon request withdrawl common purpos creat opportun rise explor us forex trade invest manag wealth manag smart invest smart idea hubit growth inc. uniqu approach incom gener build innov wealth creation product secur privaci understand import come secur famili asset 's use latest technolog help protect person inform financi transact iClose"">"
"626","http://protraderearn.trade","2024-12-08","2024-12-05","","","Critical","Investment","","191.101.79.118","registeredregulatedcontrolledx"">Details","","paypalvisamastercardx"">Details","","","","Save                                 Edit                                 Close                             "">                                                                                                       login trade cryptocurr forex stock binari option journey financi freedom 190+ 76m+ uniqu solut welcom modern world digit invest protraderearn distinct invest manag compani offer investor ideal conveni way grow manag crypto asset use state art trade technolog client 's fund manag team well-qualifi financi expert quantit analyst extens practic experi invest industri vers trade financi market exclus gener profit forex cryptocurr arbitrag trade achiev high yield stabl result optimis risk manag Close"">"
"627","http://prymetradez.com","2024-12-08","2024-12-04","","","Critical","Investment","","141.136.33.159","controlledx"">Details","","","","","","Save                                 Edit                                 Close                             "">                                                                                                       professionalinvest invest servic tailoredto meet individu need manag growyour invest connect right broker whether experienc beginn connect right broker everyth prymetradez uk lead trade invest compani year industri experi read three simpl step startearn creat account make deposit earn get paid custom say amaz platform transpar integr platform refresh 's rare find broker genuin care client success `` toni o'brien creat solut yourinvest need busi financ strategi devis implement busi straClose"">"
"628","http://springxtrade.com","2024-12-08","2024-12-04","","","Critical","Investment","","82.180.172.3","licensedregulatedx"">Details","","discoverx"">Details","","","","Save                                 Edit                                 Close                             "">                                                                                                       spring x trade secur reliabl advanc digit asset trade platform develop intern custom built bittrex cutting-edg technolog intern trade platform provid innov token streamlin approach list also provid instant trade execut email contact trade profit learn grow profit without fear loss becom investor crypto market copi transact trader around world benefit trade servic bring look first-class financi advisor multi currenc account support major currenc usd eur gbp variou cryptocurr fund exchang currenc Close"">"
"629","http://redthor5.xyz","2024-12-08","2024-12-05","","","Critical","Investment","","104.21.70.170","registeredx"">Details","","","","","","Save                                 Edit                                 Close                             "">                                                                                                       select token usdt tether usd ethereum usdt tether usd arbitrum usdt tether usd base usdt tether usd op usdt tether usd bsc usdt tether usd tron usdt tether usd solana usdc usd coin ethereum usdc usd coin arbitrum usdc usd coin base usdc usd coin op usdc usd coin bsc usdc usd coin matic usdc usd coin tron usdc usd coin solana eth ethereum eth ethereum arbitrum eth ethereum op eth ethereum linea eth ethereum base eth ethereum bsc eth ethereum starknet eth ethereum scroll eth ethereum zircuit wbtc Close"">"
"630","http://zappydefi.com","2024-12-08","2024-12-04","","","Critical","Investment","","216.24.57.1","","","","","","","Save                                 Edit                                 Close                             "">                                                                                                       stake reward flock peopl 's meme coin flockerz revolutionari vote-to-earn platform put power hand buy earli presal earn massiv reward buy flock presal usdt rais 553.18/ purchas flock stakeabl flock power futur decentr arriv chaotic pvp world meme coin everi key decis made singl leader flockerz empow communityknown 'the flock'to guid project promis land core flockerz lie flocktopia revolutionari dao everi holder voic earn reward groundbreak vote-to-earn mechan get decid path flock Close"">"
"631","http://oneaxonfintech.com","2024-12-08","2024-12-04","","","Critical","Investment","","172.67.130.74","examinedx"">Details","","paypalvisadiscoverx"">Details","","","","Save                                 Edit                                 Close                             "">                                                                                                       excel digit bank product development- intern summit may 20-23 istanbul turkey ticket speaker sponsor agenda excel digit bank product development- intern summit may 20-23 istanbul turkey excel digit bank product development- intern summit 20-23 may istanbul/turkey highli anticip premier event held vibrant citi istanbul turkey may 20th 23th 2025. summit bring togeth industri leader expert innov financi technolog sector explor discuss hottest topic shape futur digit bank ten hot topic expect take cClose"">"
"632","http://emcpts.com","2024-12-08","2024-12-04","","","Critical","Investment","","38.61.4.167","","","discoverx"">Details","","","200 VESEY ST, 24TH FLOOR, NEW YORK, UNITED STATES, 10281","Save                                 Edit                                 Close                             "">                                                                                                       contact global invest expertis portal order make busi brand advertis market play import role similarli make cultiv busi brand good slogan necessari connect asia-pacif global capit market focu expand develop asia-pacif market util global invest opportun assist individu institut investor optim asset alloc achiev long-term return global scale emin capit ltd. asia-pacif subsidiari mesirow emin capit ltd. focus provid lead financi servic global client commit offer comprehens invest manag capit marketClose"">"
"633","http://capital-stock.org","2024-12-08","2024-12-05","","","Critical","Investment","","135.181.226.231","registeredx"">Details","","stripex"">Details","","","","Save                                 Edit                                 Close                             "">                                                                                                       deliv qualiti result manag invest 24/7 monitor invest assur 24/7 support hidden fee instant invest work togeth deliv growth invest want part partnership program three easi step simpl step allow invest start earn guarante daili profit system step regist account registr take min free account activ immedi step make deposit process simpl make deposit use avail payment method step enjoy profit receiv profit accrual everi hour made deposit day week simpl step allow invest start earn guarante daili proClose"">"
"634","http://24capitalmax.ru","2024-12-08","2024-12-05","","","Critical","Investment","","194.87.76.254","licensedregulatedx"">Details","","visamastercardx"">Details","","","","Save                                 Edit                                 Close                             "">                                                                                                       home maxcapit trade webtrad trade platform real trader trade platform real trader trader trust us fee withdraw money alon withdraw full balanc time crypto crypto support sever currenc fund account crypto stablecoin 100+ trade market one largest varieti market avail trade opportun access maxcapit trade webtrad join trade evolut use webtrad enjoy best trade experi custom review n't need take word differ market find opportun cryptocurr trade bitcoin altcoin forex gain largest global currenc trClose"">"
"635","http://arcane-trade.app","2024-12-08","2024-12-05","","","Critical","Investment","","172.67.216.224","registeredx"">Details","","paypalamerican expressdiscoverx"">Details","","","","Save                                 Edit                                 Close                             "">                                                                                                       arcan trade unlock secret crypto invest success proven strategi swiftli evolv realm cryptocurr invest masteri sophist trade maneuv pivot regrett multitud investor neglect cultiv vital compet arcan trade bridg educ chasm provis trader superior instruct trade addit provid conduit crypto enthusiast access array select ancillari resourc via arcan trade platform enhanc investig prowess navig digit asset wilder arcan trade fervent dedic arcan trade forg connect zealou knowledge-seek realm invest educ Close"">"
"636","http://solsniperbot.space","2024-12-08","2024-12-08","","","High","Investment","","104.21.21.106","controlledauditedx"">Details","","","","","","Save                                 Edit                                 Close                             "">                                                                                                       solsniperbot.spac solana sniper bot unlock full potenti solana trade advanc sniper bot 0.05 sol activ bot automat detect trade new token base custom set bot run seamlessli hour decid stop manag sniper bot anytim connect walletno need leav browser open experi lightning-fast transact privat rpc design outperform rpc market provid premium rpc servic complet free ensur top-tier perform without addit cost sniper set statist total transact daili chang transact fastest solana sniper bot seamless token Close"">"
"637","http://bitdigix.com","2024-12-08","2024-12-04","","","Critical","Investment","","86.38.202.179","registeredlicensedregulatedx"">Details","","discoverx"">Details","","","846 Melrose Street, Spokane 99201 WA Washington , United States","Save                                 Edit                                 Close                             "">                                                                                                       get freedom market trade cryptocurr stock indic commod forex singl account individu investor act consist investor specul let top trader job covest allow automat copi top perform trader achiev return individu investor act consist investor specul less commiss forex crypto index stock energi commod market analysi andtrad inspir thrive network expert client masterscryptotrad open door mani opportun power market insight top trade setup industri extens connect profession trader explor market pace shorClose"">"
"638","http://gainoptionmarket.com","2024-12-08","2024-12-04","","","Critical","Investment","","217.76.57.250","licensedregulatedcertifiedx"">Details","","","","","10 St Bride St, London EC4A 4AD, United Kingdom","Save                                 Edit                                 Close                             "">                                                                                                       gain-opt gainopt global fintech group provid contract differ binari option trade stock trade futur trade world gain-opt proven standout among trade system featur simpl trade-invest platform use copy-trad method help user get return invest plan want partak gain-opt -invest program see list trade-invest plan plan standard account basic account bronz account silver account gold account platinum account gain-opt gain option certifi legal invest compani incorpor headquart london unit kingdom compani Close"">"
"639","http://brohans.com","2024-12-08","2024-12-04","","","High","Investment","","34.133.220.57","","","discoverx"">Details","","+17144371000","714) 437-1000, Address, 1735 Flight Way, Suite 350 Tustin, California, 92782, USA","Save                                 Edit                                 Close                             "">                                                                                                       welcom offici web site home work featur watch video user say ask question knowledg inform boost solana trade sol sniper bot autom trade use best solana sniper bot solana trade bot sol trade bot work connect wallet start secur connect solana wallet bot platform ensur full encrypt safeti asset everi transact set paramet defin trade prefer token target slippag toler maximum buy/sel limit custom set suit trade strategi real-tim token scan bot continu scan solana blockchain new token launch lucr tradClose"">"
"640","http://all-obmen.online","2024-12-08","2024-12-05","","","Critical","Investment","","104.21.76.17","","","paypalvisamastercardamerican expressgoogle payx"">Details","","","","Save                                 Edit                                 Close                             "">                                                                                                       monitor exchang best exchang rate want exchang e-curr money rubl dollar cryptocurr monitor exchang offic exchang aggreg provid reliabl inform reliabl secur exchang favor exchang rate electron currenc cryptocurr top exchang favor rate electron cryptocurr qualiti exchang accord custom monitor admin addit fee exchang e-curr exchang perform manual mode particip oper semi-automat currenc exchang mode partial oper particip fulli automat exchang e-curr cryptocurr requir verif account document exchang fClose"">"
"641","http://plus500x.pro","2024-12-08","2024-12-08","","","Critical","Investment","","92.112.189.63","","","","","","","Save                                 Edit                                 Close                             "">                                                                                                       right place onlin trade financi market conveni trade interfac instant access ./asset world 's lead compani year consult experi 25kk+ satisfi custom 10+ year experi standard profession servic platform allow novic trader copy/mirror profession trader posit creat materi assist grow progress next level 're delight came across compani n't pass chanc hear incred team make possibl servic offer offer world class servic around check servic copi trade copi trade allow directli copi posit taClose"">"
"642","http://omega-society.com","2024-12-08","2024-12-04","","","Critical","Investment","","35.244.153.44","","","","","","Victoria 3000, Australia","Save                                 Edit                                 Close                             "">                                                                                                       login usernam email password rememb login lost password login usernam email password rememb login lost password knowledg meet opportun explor e-book equip real-world strategi busi success start journey omega-societi today envis futur power ai smarter learn categori explor curat digit product collect design empow growth digit market sale masteri social media ai innov cryptocurr forex like pro learn best industri 15+ year combin experi industri profession custom report improv result busi strategi Close"">"
"643","http://ctrrealestate.com","2024-12-08","2024-12-04","","","Critical","Investment","","185.151.30.221","regulatedx"">Details","","stripex"">Details","","+44201234xxxx","123 Main Street, London","Save                                 Edit                                 Close                             "">                                                                                                       omega max group invest pride guarante success track record asset manag invest market take control all-in-on multipl invest packag forex pamm/mam invest packag cryptocurr real estat properti invest invest earn us invest confid world 's lead asset manag invest platform singl point access profession asset invest manag solut built investor interest stabl return high liquid trade expertis goal enhanc live provid safe avenu inspir effect innov solut invest differ emerg financi market order improvClose"">"
"644","http://beatfinancelimited.com","2024-12-08","2024-12-04","","","Critical","Investment","","185.43.220.17","registeredregulatedauthorizedx"">Details","","discoverx"">Details","","+447520693899","","Save                                 Edit                                 Close                             "">                                                                                                       june 10:00 utc novemb 09:59 utc usdt easi bonu never part trade get usdt withdraw bonu trade activ platform everi month becom one user particip promot achiev highest trade volum deriv and/or spot 03:00 utc septemb 23:59 utc decemb welcom autumn get usdt exclus reward click particip complet task get usdt futur bonus iphon pro max ipad air appl watch seri reward usdt prize make deposit trade earn reward promot time-limit join 03:00 utc march 23:59 utc decemb guarante bonu account top-up receiv guaClose"">"
"645","http://racetoabillion.click","2024-12-08","2024-12-08","","","Critical","Investment","","172.67.200.143","regulatedx"">Details","","","","","1600 Pennsylvania Avenue, N.W.. Washington, DC 20500","Save                                 Edit                                 Close                             "">                                                                                                       join race token presal today get readi rev engin dive futur race billion 're bring rush race togeth power blockchain stake race token presal start stack sweet reward day one buy race usdt rais 589.38 race 0.00819 power featur israc billion get earli join presal secur race token rush presal give earli access reward chanc race ahead game predict win ai racer race billion let predict outcom ai-pow web3-mem racer fun mix tech entertain await track futur collabor exchang list plan team top exchaClose"">"
"646","http://pul-fintech.com","2024-12-08","2024-12-04","","","Critical","Investment","","172.67.150.59","examinedx"">Details","","paypalvisadiscoverx"">Details","","","","Save                                 Edit                                 Close                             "">                                                                                                       excel digit bank product development- intern summit may 20-23 istanbul turkey ticket speaker sponsor agenda excel digit bank product development- intern summit may 20-23 istanbul turkey excel digit bank product development- intern summit 20-23 may istanbul/turkey highli anticip premier event held vibrant citi istanbul turkey may 20th 23th 2025. summit bring togeth industri leader expert innov financi technolog sector explor discuss hottest topic shape futur digit bank ten hot topic expect take cClose"">"
"647","http://treasureexchanges.com","2024-12-08","2024-12-04","","","Critical","Investment","","23.162.56.108","","","","","","","Save                                 Edit                                 Close                             "">                                                                                                       crypto invest safe invest us get lifetim incom invest profession crypto industri develop team uniqu robot trade manag oper without user intervent invest propos treasur exchang employe ensur everi investor compani earn money basic plan daili deposit day standard plan daili deposit day varieti plan daili deposit day fix plan daili deposit day children scholarship plan daili deposit day basic plan monthli deposit day gener commiss commiss charg treasur exchang platform work relat profit receiv inveClose"">"
"648","http://casino-mcwonline.com","2024-12-08","2024-12-04","","","Critical","Investment","","172.67.183.76","licensedcertifiedauditedx"">Details","","visamastercarddiscoverx"">Details","","","","Save                                 Edit                                 Close                             "">                                                                                                       registr mcw casino vietnam opinion login promo code deposit bonu outlin mcw casino modern onlin casino attract player wide select onlin game casino 's owner uno digit media b.v. licens certifi reliabl audit influenc player confid servic offer onlin casino featur overview mcw casino modern onlin casino attract player wide select casino game mcw casino game includ titl reput provid ensur someth everi player casino offer popular onlin slot classic game thrill live casino casino own uno digit mClose"">"
"649","http://zapsdefi.com","2024-12-08","2024-12-04","","","Critical","Investment","","216.24.57.1","","","","","","","Save                                 Edit                                 Close                             "">                                                                                                       stake reward flock peopl 's meme coin flockerz revolutionari vote-to-earn platform put power hand buy earli presal earn massiv reward buy flock presal usdt rais 553.18/ purchas flock stakeabl flock power futur decentr arriv chaotic pvp world meme coin everi key decis made singl leader flockerz empow communityknown 'the flock'to guid project promis land core flockerz lie flocktopia revolutionari dao everi holder voic earn reward groundbreak vote-to-earn mechan get decid path flock Close"">"
"650","http://boostkoinfx.com","2024-12-08","2024-12-04","","","Critical","Investment","","23.162.56.108","approvedx"">Details","","","","07360423782","","Save                                 Edit                                 Close                             "">                                                                                                       boostkoinfx industri leader crypto invest invest cryptocurr made simpl boostkoinfx har cutting-edg algorithm maxim profit make trade easier ever dont wait perfect momentstart crypto journey us today us boostkoinfx trust intern financi brokerag firm special cryptocurr trade mine invest forex trade team experienc skill trader commit deliv profit invest opportun valu client mission provid secur conduc invest environ minim risk leverag cutting-edg technolog autom trade process optim invest ensur timClose"">"
"651","http://expertbot.live","2024-12-08","2024-12-08","","","Critical","Investment","","135.181.226.253","","","","","","","Save                                 Edit                                 Close                             "">                                                                                                       welcom expert bot achiev financi freedom expert bot trade technolog 24/7 oper clock never miss profit trade 5+ year expertis arbitrag trade strategi -30 monthli return autom trade algorithm optim perform let expert bot help make money expert bot fluctuat market hard predict price go alli come automat set buy sell order take advantag fluctuat happen exchang other simpli connect api access need wait perform data avail check success strategi demo invest real fund trade execut advanc meta trader plaClose"">"
"652","http://smartpipsmargin.live","2024-12-08","2024-12-08","","","Critical","Investment","","88.223.84.247","registeredlicensedx"">Details","","discoverstripex"">Details","","","595 Calder Road, Edinburgh, EH11 4HH","Save                                 Edit                                 Close                             "">                                                                                                       reput trade invest platform base us provid advanc invest featur strategi primari emphasi deliv except invest strategi enabl user make inform decis achiev financi goal focu qualit strategi ensur highest level reliabl trustworthi valu user address email phone email address phone take invest next level help manag asset best solut busi fund flow compani earn becom continu distribut evenli among investor base deposit size system guarante free registr stabl hourli profit accrual 24/7 access user accouClose"">"
"653","http://turbo-assets.com","2024-12-08","2024-12-04","","","Critical","Investment","","95.217.145.143","registeredapprovedx"">Details","","","","","Kent, England, TN15 6PX","Save                                 Edit                                 Close                             "">                                                                                                       first turbo trade integr make profit variou cryptocurr trade strategi pay dividend investor welcom turbo asset limit understand trade strategi riskless profit-ori compani major focu turbo trade arbitrag trade cryptocurr forex arbitrag trade arbitrag simultan purchas sale asset differ market order profit tini differ asset 's list price exploit short-liv variat price ident similar financi instrument differ market differ form turbo trade turbo trade work buy transferr secur whose valu base undClose"">"
"654","http://organizationfintech.com","2024-12-08","2024-12-04","","","Critical","Investment","","172.67.174.81","examinedx"">Details","","paypalvisadiscoverx"">Details","","","","Save                                 Edit                                 Close                             "">                                                                                                       excel digit bank product development- intern summit may 20-23 istanbul turkey ticket speaker sponsor agenda excel digit bank product development- intern summit may 20-23 istanbul turkey excel digit bank product development- intern summit 20-23 may istanbul/turkey highli anticip premier event held vibrant citi istanbul turkey may 20th 23th 2025. summit bring togeth industri leader expert innov financi technolog sector explor discuss hottest topic shape futur digit bank ten hot topic expect take cClose"">"
"655","http://devmarkfraudfortress.online","2024-12-07","2024-12-04","","","Critical","Investment","","147.79.72.214","authorizedrecognizedx"">Details","","","","","","Save                                 Edit                                 Close                             "">                                                                                                       fight scam restor trust partner recoveri trust partner recov fraud special help victim rebuild live reclaim financi secur trust us dev mark eth fraud recogn global devmark fraud fortress renown throughout world commit never-end desir make internet safer experienc agent profession confid abl provid solut thank assist compet highli skill individu mani disciplin client satisfact major aim offer practic solut client possibl ensur client partner happi devmark fraud fortress 's comprehens 3-step Close"">"
"656","http://discoverthedatarefinery.co.uk","2024-12-07","2024-12-02","","","Critical","Investment","","64.98.135.69","registeredx"">Details","","paypalx"">Details","","","Leeds LS1 2BH","Save                                 Edit                                 Close                             "">                                                                                                       blog post sinc provid intel latest product featur improv busi attend event work new client latest updat platform compar perform across multipl territori major challeng global busi new tool simplifi process 's turn complex data action insight effortlessli black friday cyber monday period brought surg new custom transact gener treasur trove data come next brand look transform one-tim buyer loyal custom answer lie refin leverag data effect black friday arriv e-commerc busi stage set prepar donClose"">"
"657","http://quantumaiminingexpert.com","2024-12-07","2024-12-03","","","Critical","Investment","","145.223.77.183","","","discoverx"">Details","","","","Save                                 Edit                                 Close                             "">                                                                                                       quantum ai mine expert welcom futur ai trade quantum ai mine expert invest intellig automat earn platform done ai intellig robot support growth help avoid lost make good profit everyon free join make massiv incom view live trade welcom futur ai trade look get edg market quantum ai solut cutting-edg ai trade tool youll abl make smarter inform decis help make big profit login quantum ai discov quantum ai platform differ trade experi find trade opportun easi step start earn learn forex work depositClose"">"
"658","http://truststeppx.com","2024-12-07","2024-12-03","","","Critical","Investment","","23.162.56.108","recognizedx"">Details","","","","","","Save                                 Edit                                 Close                             "">                                                                                                       secur crypto invest better way trade invest truststepx help million custom achiev financi goal help trade invest eas digit asset manag service-bas design hardwar network pool commit build sustain wealth investor season team invest profession readili avail support object continu monitor firm fund platform recogn global experienc agent profession client satisfact commit build sustain wealth investor crypto hedg fund invest blockchain technolog earli token sale inclus object reinvent invest strategClose"">"
"659","http://tradewealthltd.com","2024-12-07","2024-12-03","","","Critical","Investment","","91.235.116.232","registeredlicensedregulatedrecognizedx"">Details","","","","","","Save                                 Edit                                 Close                             "">                                                                                                       get freedom market trade cryptocurr gold forex singl account creat system littl zero risk let tradewealth job top profession come trade creat system littl zero risk enhanc tool trade guid fast execut risk free trade product choos asset class get access 500+ trade instrument forex crypto crude oil gold experi trade tradewealth offer return unmatch industri divers rang trade option ensur investor return enhanc crypto ask investor even higher return latest frenzi global market got us deal variou crClose"">"
"660","http://realworldinvestmentplatform.live","2024-12-07","2024-12-07","","","Critical","Investment","","145.223.77.47","registeredregulatedrecognizedx"">Details","","","","+12045035213","Manchester M14 5TD","Save                                 Edit                                 Close                             "">                                                                                                       criptohoppertrad withfinanci think tradersonlin totalregist dealstoday trade criptohopp live trade shown commend success consist perform trade histori current regard one best benefici brilliantli success compani industri forex trade invest shown commend success consist perform trade histori current regard one best benefici brilliantli success compani industri forex trade invest current regard one best benefici brilliantli success compani industri forex trade invest brilliantli success compani inClose"">"
"661","http://wealth-catalyst.xyz","2024-12-07","2024-12-04","","","Critical","Investment","","194.164.74.109","regulatedx"">Details","","","","","4, 159 Hurstmere Road, Takapuna, Auckland, 0622 , New Zealand","Save                                 Edit                                 Close                             "">                                                                                                       learn wealth-catalyst.xyz expert financi servic mission creat wealth client irrespect market flow login creat account learn stock share invest stock share login creat account learn cryptocurr explor cryptocurr login creat account learn servic investor choic get forex cryptocurr real estat servic learn wealth-catalyst.xyz number one provid profit invest us expert financi servic servic awesom servic contact us question write us trust experi expertis knowledg intern financi compani engag invest actClose"">"
"662","http://capitalprimeexchange.com","2024-12-07","2024-12-03","","","Critical","Investment","","198.252.102.177","licensedregulatedrecognizedx"">Details","","","","","49 Grosvenor street, Mayfair, Westminster, United Kingdom","Save                                 Edit                                 Close                             "">                                                                                                       capitalprimesolut capitalprimesolut 24/7 live custom servic custom satisfact prioriti start trade broker trust smart invest start strong foundat learn rope team financi expert live webinar video-tutori ebook profession tool trade confid benefit multi-lingu live custom servic ultra-low spread get freedom market global market tight spread free educ insight expert build skill capitalprimeexchang free educ resourc commit forex educ global licens regul regular contest promot protect fund unparallel tClose"">"
"663","http://lite247tradepro.com","2024-12-07","2024-12-03","","","Critical","Investment","","68.66.226.107","registeredlicensedx"">Details","","stripex"">Details","","+447365549910","SE1 2DB, United Kingdom","Save                                 Edit                                 Close                             "">                                                                                                       work creat account choos trade platform regist take less minut immedi receiv trade account tool need success trade click make payment fund account right registr popular fund servic deal us buy sell order independ help specialist learn trade strategi evalu fast process payout withdraw request done within hour trade currenc exchang market vision simpl deliv better trade transform trade someth fair direct firmli believ transpar direct approach key win-win relationship oper pure agenc model offer dmClose"">"
"664","http://tradevision.io","2024-12-07","2024-04-29","","","Critical","Investment","","104.26.8.196","registeredlicensedx"">Details","","","","","","Save                                 Edit                                 Close                             "">                                                                                                       48.99 19.99 month subscrib buy hold beat indic aapl appl inc. 247.14 +0.264 meta meta platform inc. class common stock 633.20 +0.0822 tsla tesla inc. common stock 424.95 +0.0424 amzn amazon.com inc unlock nvda nvidia corp unlock aapl appl inc. 247.14 +0.264 meta meta platform inc. class common stock 633.20 +0.0822 tsla tesla inc. common stock 424.95 +0.0424 amzn amazon.com inc unlock nvda nvidia corp unlock aapl appl inc. 247.14 +0.264 meta meta platform inc. class common stock 633.20 +0.0822 tsClose"">"
"665","http://interactinvest.com","2024-12-07","2024-12-03","","","Critical","Investment","","172.67.142.115","","","","","","","Save                                 Edit                                 Close                             "">                                                                                                       welcom interact invest gateway smarter invest global market insight fingertip share everyth know empow join us help best everyday insight one-of-a-kind educ order new debit card let spend crypto like cash easiest way earn fund interact invest referr program send link friend earn cash deposit friend make total earn per friend friend get deposit use link one platform hundr opportun gain unlimit access start trade expert interact invest offer sophist technolog give clariti control financ top-class Close"">"
"666","http://latestviewlink.com","2024-12-07","2024-12-03","","","Critical","Investment","","104.21.66.180","registeredregulatedx"">Details","","discoverx"">Details","","+35722569633","268, Stadiou Street, 2310 Lakatameia, Cyprus","Save                                 Edit                                 Close                             "">                                                                                                       www.latestviewlink.com trade chat invest trade copi trade make money market reliabl broker user-friendli platform best term start mt4/5 lf ctrader platform 300+ trade asset 1:1000 leverag 0.0 raw spread 0.01 sec fast execut ecn+stp process model sure-fir choic latest view link ensur safeti high-spe process financi oper use strict protocol advanc technolog solut year market latest view link servic acknowledg prestigi award mani time 1.5 million trader trade us worldwid advantag condit raw spread Close"">"
"667","http://aethosverse.com","2024-12-07","2024-12-03","","","Critical","Investment","","92.113.18.76","","","discoverx"">Details","","","1 Falkland Gardens, Moortown, Leeds, West Yorkshire","Save                                 Edit                                 Close                             "">                                                                                                       invest one place investor easili monitor net worth asset atla invest singl dashboard take complet command invest portfolio invest wealth manag mani activ schedul us econom calendar month none await public non-farm payrol figur secur everyth aethosverse.com take holist approach safeguard asset varieti sophist measur instal team expert prevent theft money inform start invest right everyth start free onlin registr basic data need name email invest plan etc basic registr develop invest portfolio helClose"">"
"668","http://cryptotracker.info","2024-12-07","2024-12-04","","","Critical","Investment","","147.79.103.172","compliantx"">Details","","","","","","Save                                 Edit                                 Close                             "">                                                                                                       cryptotracker.info bitcoin ethereum rise star crypto world part introduct blockchain technolog cryptocurr exchang rank 2024/2025 part introduct blockchain technolog part understand new project releas initi coin offer ico initi decentr offer ido part introduct blockchain technolog blockchain blockchain technolog decentr distribut ledger system enabl secur transpar immut transact across network comput concept blockchain first introduc compon bitcoin system anonym figur known satoshi nakamoto 2008.Close"">"
"669","http://neptunetradehub.com","2024-12-07","2024-12-03","","","Critical","Investment","","162.244.81.128","registeredregulatedx"">Details","","visamastercardx"">Details","","","420509, and is located at Brisbane, 4000, QLD, Australia","Save                                 Edit                                 Close                             "">                                                                                                       true strength lie divers multi-facet approach find optim solut client partner need visa twitter coca cola googl facebook amazon appl easi registr instant follow unfollow option power portal signal provid signal subscrib flexibl copi reverse-copi set autom perform fee max drawdown protect much stp/ecn technolog partner strateg relationship tier one bank non-bank provid enabl us provid deep custom liquid capabl handl need algorithm proprietari trade firm multi-asset liquid solut come equip advanc Close"">"
"670","http://bisq-swap.com","2024-12-07","2024-12-03","","","High","Investment","","172.67.145.162","regulatedcontrolledgovernedx"">Details","","paypalx"">Details","","","","Save                                 Edit                                 Close                             "">                                                                                                       bisq network decentr crypto exchang bisq network decentr peer-to-p cryptocurr exchang offer user freedom trade bitcoin cryptocurr complet privaci secur bisq allow trade without need intermediari give full control fund ensur central author access monitor transact sinc incept bisq trust platform crypto enthusiast valu decentr privaci secur visit bisq explor futur decentr crypto trade use bisq network bisq network provid unmatch level privaci secur cryptocurr trader decentr exchang dex user exchangClose"">"
"671","http://livekointrading.com","2024-12-07","2024-12-03","","","Critical","Investment","","92.112.189.85","authorizedx"">Details","","discoverx"">Details","","+15513009157","","Save                                 Edit                                 Close                             "">                                                                                                       cryptocurr invest secur financi tomorrow expertli design platform ensur seamless secur invest process allow capit dynam natur cryptocurr market join us today embark journey toward high return financi growth platform offer rang except featur elev cryptocurr invest journey secur crypto wallet safeguard digit asset state-of-the-art cryptocurr wallet divers cryptocurr select access cryptocurr comprehens invest portfolio tailor invest plan choos varieti invest plan suit financi goal seamless fund manClose"">"
"672","http://ledger-app-download-us.com","2024-12-07","2024-12-03","","","Critical","Investment","","104.21.81.40","authorizedx"">Details","","paypalvisamastercarddiscoverx"">Details","","","","Save                                 Edit                                 Close                             "">                                                                                                       ledger app pc safeguard digit asset upgrad crypto experi ledger flex best crypto user experi manag digit asset uncompromis secur eas use find right ledger hardwar wallet ledger flex design access size enjoy new secur touchscreen user experi manag crypto nft discov ledger stax premium secur touchscreen hardwar wallet protect manag crypto nft discov ledger nano rang classic entry-level hardwar wallet built essenti secur digit asset 4.5/5 review discov physic secur transact ledger crypto wallet thoClose"">"
"673","http://fundsflix.com","2024-12-07","2024-12-03","","","Critical","Investment","","147.79.72.60","regulatedx"">Details","","","","","","Save                                 Edit                                 Close                             "">                                                                                                       fundsflix.com long term stock invest australia long term stock invest australia strategi offer stabl return financi growth time australian stock exchang asx featur varieti compani sector like financ mine technolog healthcar guid provid insight best long-term stock consid potenti benefit strategi read tax refund australia australia individu claim tax refund taxabl incom show paid tax requir tax refund often aris due over-withhold tax employ deduct credit reduc overal tax liabil guid walk tax refuClose"">"
"674","http://sslash.co","2024-12-07","2023-05-08","","","Critical","Investment","","91.108.107.12","","","discoverx"">Details","","8884005050","New York, NY 10010","Save                                 Edit                                 Close                             "">                                                                                                       digit market drive revenu turn shine put spotlight brand help get attent revenu busi deserv digit world partner vendor drive better way market deliv busi impact pr market combin intellectu curios industri experi urgenc precis increas organ traffic rank high search engin ai discoveri tool like chatgpt custom report onlin experi begin search struggl find ppc expert drive long term result world-class market would love help busi thrive click search ad like buy make better lead unlock websit full potClose"">"
"675","http://tradauracoinmarkets.com","2024-12-07","2024-12-03","","","Critical","Investment","","176.9.30.198","registeredx"">Details","","","","+1572626255","108 Adam Street, New York","Save                                 Edit                                 Close                             "">                                                                                                       lead futur financi trade tradauracoinmarket combin cutting-edg technolog expert analysi innov strategi bring seamless secur profit cryptocurr trade experi whether 're season investor start crypto journey 're help navig digit asset landscap confid trade smarter trade tradauracoinmarket us tradauracoinmarket crypto trade firm team passion innov data-driven strategist experienc profession commit transform way approach digit asset mission provid retail institut trader seamless secur transpClose"">"
"676","http://vanfinmkt.com","2024-12-07","2024-12-03","","","Critical","Investment","","185.151.30.180","registeredx"">Details","","","","","","Save                                 Edit                                 Close                             "">                                                                                                       crypto invest safe invest vanguard financ market get lifetim incom invest profession crypto industri develop team uniqu robot trade manag oper without user intervent invest propos vanguard financ market employe ensur everi investor compani earn money starter daili deposit day standard daili deposit day premium daili deposit day gener commiss commiss charg vanguard financ market platform work relat profit receiv investor compani commiss 0.5 receiv profit robot commiss show earn entir vanguard finClose"">"
"677","http://ultrawincom.in","2024-12-07","2024-08-23","","","Critical","Investment","","147.79.79.90","registeredlicensedcertifiedx"">Details","","","","","","Save                                 Edit                                 Close                             "">                                                                                                       ultrawincom.in welcom ultrawin ultrawin great casino game sport bet unit thank friendli interfac gener bonus all-day custom help ultrawin disappoint tradit slot machin live casino forget bet sport real time join ultrawin experi safe game quick withdraw much may game begin ultrawin ultrawin onlin casino bet sport provid servic gambl custom allow particip variou horizont activ includ casino slot poker blackjack roulett live dealer game bet sport footbal cricket tenni etc ultrawin sort platform taiClose"">"
"678","http://moneycontrol24.com","2024-12-07","2024-12-03","","","Critical","Investment","","46.202.161.87","","","discoverx"">Details","","","","Save                                 Edit                                 Close                             "">                                                                                                       money control24 money control24 smart budget tip american famili today save money low incom smart tip top best person financ app us altcoin analysi top crypto market trend today creat person budget beginn start ethereum invest journey today smart budget tip american famili today manag money today world tough american famili money manag actual save money low incom smart tip save money low incom seem tough doabl right top best person financ app us today fast world know financ key person financ appClose"">"
"679","http://forex-exregister.com","2024-12-07","2024-12-03","","","Critical","Investment","","104.21.64.1","registeredregulatedauthorizedrecognizedx"">Details","","","","","","Save                                 Edit                                 Close                             "">                                                                                                       hero titl yellow text lorem ipsumi simpli dummi text print typeset industri lorem ipsum industri standard dummi text ever sinc 1500 unknown printer took galley type scrambl make type specimen book surviv five centuri also leap electron typeset remain essenti unchang popularis 1960 releas letraset sheet contain lorem ipsum passag recent desktop publish softwar like aldu pagemak includ version lorem ipsum ex sign ex global recogn broker offer secur transpar access financi market whether your beginClose"">"
"680","http://stake-canada.ca","2024-12-07","2024-04-07","","","Critical","Investment","","138.197.14.224","","","","","","","Save                                 Edit                                 Close                             "">                                                                                                       stake canada unmatch onlin casino sportsbook experi stake stake popular onlin cryptocurrency-bas platform offer casino game sport bet launch stake gain reput provid seamless experi thousand casino game includ slot tabl game live dealer option along extens sport bet market cover popular sport event worldwid one stake 's standout featur exclus use cryptocurr like bitcoin ethereum digit asset allow fast secur anonym transact addit stake known provabl fair game system ensur transpar fair game vClose"">"
"681","http://unbfutures.ca","2024-12-07","2020-04-17","","","High","Investment","","3.33.152.147","registeredx"">Details","","paypalvisamastercardamerican expressdiscoverx"">Details","","8005138146","210, 515 Consumers Rd, Address:, Toronto, Canada","Save                                 Edit                                 Close                             "">                                                                                                       avail 24/7 via chat accept payment today next busi day deposit hidden fee best price guarante custom satisfact servic credit card debit machin ip offer best fulli ready-to-us credit card process servic market onlin payment gateway n't need program knowledg take onlin payment websit virtual termin process phone order mail order around world virtual termin point sale po system offer cloud-bas po self-ord onlin order system thermal receipt paper roll 1/8 x ft pack thermal receipt paper roll 1/Close"">"
"682","http://fintechex.pro","2024-12-07","2024-12-07","","","Critical","Investment","","88.223.87.23","licensedauthorizedx"">Details","","paypalstripex"">Details","","+442045874404","London, E14 5HP","Save                                 Edit                                 Close                             "">                                                                                                       fintch.io empow futur crypto freedom welcom fintech plu ltd gateway futur financi empower found visionari spirit commit innov fintech plu ltd stand forefront crypto landscap servic crypto manag portfolio offer crypto-manag portfolio wealth manag help navig complex rapidli evolv digit asset market expert team blend tradit invest strategi latest cryptocurr innov creat diversifi secur portfolio tailor financi goal algorithm trade leverag algorithm trade strategi via api trade bot seamless integr thClose"">"
"683","http://sideshift-ai.com","2024-12-07","2024-12-03","","","High","Investment","","172.67.139.127","controlledx"">Details","","discoverx"">Details","","","","Save                                 Edit                                 Close                             "">                                                                                                       sideshift exchang ultim crypto app seamless coin swap sideshift exchang fast secur easy-to-us crypto app design instant cryptocurr swap whether 're beginn experienc trader sideshift exchang allow trade digit currenc effortlessli without need account complex procedur focu speed simplic app enabl seamless coin exchang phone desktop ensur smooth hassle-fre trade experi platform support wide varieti cryptocurr make one-stop solut crypto trade choos sideshift exchang sideshift exchang crypto appClose"">"
"684","http://digitalspace3.icu","2024-12-07","2024-12-04","","","Critical","Investment","","84.32.84.32","","","discoverx"">Details","","+23766666676","","Save                                 Edit                                 Close                             "">                                                                                                       english english digit space smart trader navig profit crypto signal great way increas success market could enabl make higher return minim effort use first-tim trader experienc trader crypto signal trader worldwid trust digit space year crypto trade experi depend prefer interest crypto trade signal may alert potenti profit trade within chosen trade area youv subscrib crypto signal servic digit space highli profici fundament technic analysi top reason join digit space full support support way expeClose"">"
"685","http://allclasscfhub.com","2024-12-07","2024-12-03","","","Critical","Investment","","93.127.192.46","controlledx"">Details","","","","","","Save                                 Edit                                 Close                             "">                                                                                                       forexinvest invest servic tailoredto meet individu need forex tradingcrypto signal connect right broker whether experienc beginn connect right broker everyth allclass crypsforexhub uk lead trade invest compani year industri experi read three simpl step startearn creat account make deposit earn get paid creat solut yourinvest need busi financ strategi devis implement busi strategi drive successfor entir busi divis technolog asset portfolio resourc alloc balanc optim mani compet asset initi achievClose"">"
"686","http://ledger-live-download-us.com","2024-12-07","2024-12-03","","","Critical","Investment","","104.21.90.249","authorizedrecognizedx"">Details","","paypalvisamastercarddiscoverx"">Details","","","","Save                                 Edit                                 Close                             "">                                                                                                       manag crypto secur ledger live upgrad crypto experi ledger flex best crypto user experi manag digit asset uncompromis secur eas use find right ledger hardwar wallet ledger flex design access size enjoy new secur touchscreen user experi manag crypto nft discov ledger stax premium secur touchscreen hardwar wallet protect manag crypto nft discov ledger nano rang classic entry-level hardwar wallet built essenti secur digit asset 4.5/5 review discov physic secur transact ledger crypto wallet thousandClose"">"
"687","http://chartereureach.co.uk","2024-12-07","2024-12-03","","","Critical","Investment","","3.33.251.168","registeredcompliantaccreditedcertifiedcharteredrecognizedx"">Details","","paypalstripex"">Details","","+6567169980","Zealand: +61 3 9909","Save                                 Edit                                 Close                             "">                                                                                                       reach regul european union highli complex compani directli impact reach registr evalu author restrict chemic span across multipl industri annual complianc cost estim 2.3 billion sinc implement reach continu evolv busi face signific challeng maintain complianc regul requir compani manag risk chemic provid safeti inform substanc make complianc technic administr challeng certifi program provid comprehens overview reach framework equip necessari knowledg practic skill navig complex regulatori landscClose"">"
"688","http://extremesignalbots.pro","2024-12-07","2024-12-07","","","Critical","Investment","","92.112.189.60","","","","","+2349xxxxxxxx","10 Mission Road, Nigeria","Save                                 Edit                                 Close                             "">                                                                                                       better way trade invest onlin trade help million custom achiev financi goal help trade invest eas secur come first secur onlin trade use highest level internet secur secur bit ssl secur encrypt ensur inform complet protect fraud two factor auth two-factor authent 2fa default onlin trade account secur protect unauthoris access imperson explor servic mission provid delight success trade experi power trade platform onlin trade offer multipl platform option cover need type trader investor high leverClose"">"
"689","http://forexalertapp.com","2024-12-07","2024-12-03","","","Critical","Investment","","88.223.87.158","","","discoverx"">Details","","+1902345150","2924 Brown Avenue, Greer, South Carolina","Save                                 Edit                                 Close                             "">                                                                                                       english english arab trigger action gener analysi forex signal great way increas success market could enabl make higher return minim effort use first-tim trader experienc stockbrok forex signal trader worldwid trust signallab year forex trade experi depend prefer interest forex trade signal may alert potenti profit trade within chosen trade area youv subscrib forex signal servic signallab highli profici fundament technic analysi top reason join signallab full support support way expert analysi rClose"">"
"690","http://powerupplay.top","2024-12-07","2024-12-04","","","Critical","Investment","","172.67.210.24","","","","","+11234445677","","Save                                 Edit                                 Close                             "">                                                                                                       powerupplay.top www.powerupplay.top open wuzhen summit internet confer focus ai xi jinp advoc commun share futur network emphas innov secur post nov cristal world internet confer wuzhen summit open wuzhen tongxiang zhejiang provinc yesterday 20th morn theme year 's wuzhen summit embrac digit futur put peopl first intellig good join hand build commun share futur cyberspac `` focus artifici intellig ai read xi jinp aspir build world sustain planet china-pakistan destini commun post nov zhou cClose"">"
"691","http://visuals-fx.com","2024-12-07","2024-12-02","","","Critical","Investment","","153.92.6.225","charteredx"">Details","","discoverx"">Details","","","903, Northwest 55th Street, 33127, Florida","Save                                 Edit                                 Close                             "">                                                                                                       invest visuals-fx limit let 's build custom portfolio meant long-term growth plu get expert advic whenev need portfolio visuals-fx limit full-fledg invest compani aim provid possibl option success invest whether season investor newbi 've got back compani page support tool alway eager render assist client numer support channel also knowledg base contain inform navig platform eas whether beginn season investor find use support base invest visuals-fx limit let 's build custom portfolClose"">"
"692","http://richprize.in","2024-12-07","2022-04-28","","","Critical","Investment","","165.232.179.213","registeredlicensedregulatedx"">Details","","mastercardstripex"">Details","","","","Save                                 Edit                                 Close                             "">                                                                                                       richpriz onlin sport bet india richpriz intern sport bet onlin casino platform readi offer user wide rang entertain everi tast budget dozen sport hundr popular slot tabl game regular bonus promot profit loyalti program much await regist account fund account activ welcom bonu start play minut tabl content inform richpriz compani project richpriz found multifunct platform provid user singl space sport bet casino game site oper legal dozen countri thank licens 365/jaz obtain curacao game commiss doClose"">"
"693","http://trilloxcapital.net","2024-12-07","2024-12-03","","","Critical","Investment","","104.21.28.146","","","discoverx"">Details","","","586 Great South Road, Papatoetoe, Auckland 2025, New Zealand","Save                                 Edit                                 Close                             "">                                                                                                       stock price ticker build better futur trilloxcapit start grow passiv incom today invest low usd variou instrument manag grow invest asset secur trust regul experi easili safe build invest asset cover us 183092+ daili trade 364887+ client billion+ asset manag billion+ daili trade volum variou asset engag billion instrument asset activ trade make enough profit us investor larg market analysi profession in-hous analyst money planner make sure win trade ventur enhanc tool suffici tool ventur market Close"">"
"694","http://tradediamox.co","2024-12-07","2024-04-30","","","Critical","Investment","","104.21.40.21","licensedcompliantrecognizedx"">Details","","paypalvisamastercarddiscoverstripex"">Details","","","","Save                                 Edit                                 Close                             "">                                                                                                       trade diamox trade diamox trade app empow trade diamox +1 +100 engag protect transact trade diamox +1 offer access elit trader unlimit invest opportun start trade adventur trade diamox site safeguard recaptcha along googl privaci polici term servic mean replac site safeguard recaptcha googl privaci polici term servic thank regist agent contact shortli pleas confirm phone number given accur best regard youv success connect soon repres compani contact avoid miss call ensur access via phone connectClose"">"
"695","http://bradescoininvestment.com","2024-12-07","2024-12-03","","","Critical","Investment","","192.142.1.134","","","","","","","Save                                 Edit                                 Close                             "">                                                                                                       welcom bradescoin invest world 's lead cryptocurr invest servic provid bradescoin invest make safe easi invest cryptocurr worldwid bradescoin invest number one sourc thing crypto beliv everyon unmet access explor wonder world crypto benefit 're dedic provid best cryptocurr base invest opportun part fundament goal compani get elev benefit conceiv exchang trade invest crypto asset client world remot trade forex sign us today watch crypto porfolio grow invest plan profit profit profit proClose"">"
"696","http://stakecasinoapp.in","2024-12-07","2024-08-18","","","Critical","Investment","","104.21.83.71","registeredlicensedrecognizedx"">Details","","visamastercardx"">Details","","","","Save                                 Edit                                 Close                             "">                                                                                                       stake casino app india stake casino app onlin casino bookmak open 2017. platform oper indian market offer varieti game slot card tabl live gener bonus welcom deposit cashback conveni payment method bank card e-servic cryptocurr app translat english hindi languag conveni user india stake support cryptocurr btc eht usdt etc well currenc usd eur inr etc popular slot overview stake casino stake casino establish bijan tehrani ed craven creator easygo expand reach decemb stake casino partner tgp europClose"">"
"697","http://occaxs.pro","2024-12-07","2024-12-07","","","Critical","Investment","","89.116.192.121","registeredlicensedcertifiedx"">Details","","discoverx"">Details","","02089691898","22, Botany Business Park, Macclesfield Rd, High Peak, SK","Save                                 Edit                                 Close                             "">                                                                                                       boost return trade mine gener incom occax effortlessli grow invest gener return receiv swift payout enjoy seamless transact platform immedi process time settlement invest withdraw explor import featur occax explor servic discov help achiev financi goal secur reliabl conveni financ safe hand stabl profit power occax trammel noth prevent be abl like best invest secur invest offer unbeat interest invest within shortest possibl time intern multi- currenc credit card intern multi-curr credit card simClose"">"
"698","http://tradeduacapp.co","2024-12-07","2024-07-25","","","Critical","Investment","","167.99.244.9","licensedregulatedcompliantapprovedx"">Details","","paypaldiscoverx"">Details","","","","Save                                 Edit                                 Close                             "">                                                                                                       invest readi lose money put high-risk invest protect n't guarante thing go wrong trade duac trade duac join trade duac gateway inform trade decis aspir conquer market join trade duac platform connect top broker leverag cutting-edg ai empow trade decis make smart inform invest potenti achiev except return connect star rate trust broker there alway risk trade profit guarante open account today start trust affili broker submit confirm read accept privaci polici term condit also agre receiv marClose"">"
"699","http://mak-trader.com","2024-12-07","2024-12-03","","","Critical","Investment","","185.151.30.198","registeredx"">Details","","discoverx"">Details","","+15087314023","","Save                                 Edit                                 Close                             "">                                                                                                       creat impact one invest time join collect busi invest real asset enjoy regular return assist grow fortun focu fundament object creat long-term valu investor partner commun believ long-term strateg partnership built trust driven core valu maintain unwav focu underli fundament valu evalu market opportun reduc risk protect capit increas return popular plan day weekli day day weekli day day unlimit weekli day chang live one invest time innov find invest renew energi crowdfund campaign commun art artClose"">"
"700","http://optimumtradex.com","2024-12-07","2024-12-03","","","Critical","Investment","","173.252.167.10","registeredx"">Details","","","","","4740 E 2nd St, Benicia, CA, 94510","Save                                 Edit                                 Close                             "">                                                                                                       secur smart effortless crypto currenc invest platform invest bundl top cryptocurr bitcoin ethereum bnb usdt currenc pair crude oil gold optimum tradex invest compani optimum tradex invest compani offici regist within unit state special trade crude oil gold crypto currenc cryptocurr promis product far therefor trade cryptocurr may guarante stabil within face econom chang strongli believ cooper us go foremost prospect favor provid effici platform passiv take advantag cryptocurr trade design avoid Close"">"