"No.","URL","First Seen","Country","Region","City","Host","Postal Code"
"1","https://www.bit.com","1991-05-02","","California","San Francisco","AS13335 Cloudflare, Inc.","94107"
"2","https://www.bw.com","1993-06-21","","California","San Francisco","AS13335 Cloudflare, Inc.","94107"
"3","https://www.exodus.com","1994-12-15","","California","San Francisco","AS13335 Cloudflare, Inc.","94107"
"4","https://www.marex.com","1995-12-26","","Leinster","Dublin","AS16509 Amazon.com, Inc.","D02"
"5","https://www.morganstanley.com","1996-05-24","","New Jersey","Piscataway","AS16625 Akamai Technologies, Inc.","08854"
"6","https://www.mawer.com","1996-06-21","","Washington","Seattle","AS19551 Incapsula Inc","98101"
"7","https://bigone.com","1996-10-29","","New Jersey","Piscataway","AS20940 Akamai International B.V.","08854"
"8","https://fi.woo.org","1996-12-13","","California","San Francisco","AS13335 Cloudflare, Inc.","94107"
"9","https://www.arcfinancial.com","1997-04-09","","Illinois","Chicago","AS19994 Rackspace Hosting","60666"
"10","https://acumencapital.com","1997-04-11","","California","Menifee","AS30148 Sucuri","92584"
"11","https://shapeshift.com","1997-04-15","","Virginia","Ashburn","AS14618 Amazon.com, Inc.","20147"
"12","https://www.petersco.com","1997-05-03","","Ontario","Toronto","AS63949 Akamai Connected Cloud","M5H"
"13","https://exchange.fastex.com","1997-05-06","","Thuringia","Niederdorla","AS209242 Cloudflare London, LLC","99986"
"14","https://www.itbit.com","1997-10-31","","Quebec","Montréal","AS16509 Amazon.com, Inc.","H3H"
"15","https://www.xt.com","1997-11-02","","Quebec","Montréal","AS16509 Amazon.com, Inc.","H3H"
"16","https://coin.z.com","1997-12-19","","Quebec","Montréal","AS16509 Amazon.com, Inc.","H3H"
"17","https://www.hashkey.com","1998-01-26","","California","San Francisco","AS13335 Cloudflare, Inc.","94107"
"18","https://northfront.com","1998-04-17","","Michigan","Detroit","AS55293 A2 Hosting, Inc.","48226"
"19","https://www.bittime.com","1998-06-19","","Jakarta","Jakarta","AS45102 Alibaba (US) Technology Co., Ltd.",""
"20","https://tomb.com","1998-07-22","","Washington","Seattle","AS16509 Amazon.com, Inc.","98101"
"21","https://www.bitmax.net","1998-09-15","","California","Santa Clara","AS14061 DigitalOcean, LLC","95054"
"22","https://cryptology.com","1998-10-03","","Quebec","Montréal","AS16509 Amazon.com, Inc.","H3H"
"23","https://www.orangex.com","1998-10-26","","Missouri","Kansas City","AS396982 Google LLC","64106"
"24","https://www.sushi.com","1999-02-17","","Washington","Seattle","AS16509 Amazon.com, Inc.","98101"
"25","https://bsc.mdex.com","1999-02-24","","California","San Francisco","AS54113 Fastly, Inc.","94107"
"26","https://exchange.lcx.com","1999-03-08","","California","San Francisco","AS13335 Cloudflare, Inc.","94107"
"27","https://www.circle.com","1999-04-09","","Massachusetts","Cambridge","AS209242 Cloudflare London, LLC","02141"
"28","https://www.bybit.com","1999-08-05","","New Jersey","Piscataway","AS20940 Akamai International B.V.","08854"
"29","https://wealthbridge.com","1999-08-06","","Quebec","Montréal","AS36666 GloboTech Communications","H3H"
"30","https://longbowcapital.com","1999-10-28","","Utah","Provo","AS46606 Unified Layer","84601"
"31","https://www.bibox.com","1999-11-30","","Hong Kong","Hong Kong","AS45102 Alibaba (US) Technology Co., Ltd.",""
"32","https://metalx.com","1999-12-02","","Washington","Seattle","AS16509 Amazon.com, Inc.","98109"
"33","https://www.zbx.com","2000-03-07","","California","San Francisco","AS13335 Cloudflare, Inc.","94107"
"34","https://www.transitionfinancial.com","2000-07-11","","Virginia","Ashburn","AS26347 New Dream Network, LLC","20147"
"35","https://www.mnp.ca/en/services/corporate-finance","2000-09-29","","California","San Francisco","AS13335 Cloudflare, Inc.","94107"
"36","https://www.nbc.ca","2000-09-29","","New Jersey","Piscataway","AS20940 Akamai International B.V.","08854"
"37","http://fcc.fidelity.ca/digitalassets.html","2000-10-03","","California","San Francisco","AS13335 Cloudflare, Inc.","94107"
"38","https://www.lightyearcapital.com","2000-10-13","","Michigan","Dimondale","AS32244 Liquid Web, L.L.C","48821"
"39","https://www.morbank.ca","2000-10-18","","Georgia","Atlanta","AS19871 Network Solutions, LLC","30302"
"40","https://hemisphere.ca","2000-10-20","","Arizona","Phoenix","AS398101 GoDaddy.com, LLC","85001"
"41","https://www.wealthco.ca","2000-11-09","","Washington","Seattle","AS16509 Amazon.com, Inc.","98101"
"42","https://www.valr.com","2001-01-12","","California","San Francisco","AS13335 Cloudflare, Inc.","94107"
"43","https://www.bitmart.com/en","2001-06-01","","California","San Francisco","AS13335 Cloudflare, Inc.","94107"
"44","https://portfoliostrategies.ca","2001-07-03","","Quebec","Beauharnois","AS16276 OVH SAS","J6N"
"45","https://www.paragoncorp.ca","2001-07-24","","California","San Francisco","AS54113 Fastly, Inc.","94107"
"46","https://dashboard.libre.org","2001-08-30","","California","San Francisco","AS13335 Cloudflare, Inc.","94107"
"47","https://coincheck.com","2001-12-10","","Quebec","Montréal","AS16509 Amazon.com, Inc.","H3H"
"48","https://chmic.ca","2002-02-18","","Georgia","Atlanta","AS63410 PrivateSystems Networks","30302"
"49","https://www.palisade.ca","2002-03-23","","Missouri","Kansas City","AS396982 Google LLC","64106"
"50","https://www.axcesscapital.com","2002-09-17","","Michigan","Dimondale","AS32244 Liquid Web, L.L.C","48821"
"51","https://www.brownstoneam.com","2003-08-26","","Texas","Dallas","AS33070 Rackspace Hosting","75201"
"52","https://lykke.com","2003-09-06","","Washington","Seattle","AS16509 Amazon.com, Inc.","98101"
"53","https://www.onevest.com","2004-01-04","","Virginia","Ashburn","AS14618 Amazon.com, Inc.","20147"
"54","https://id.upbit.com","2004-01-10","","California","San Francisco","AS13335 Cloudflare, Inc.","94107"
"55","https://solidly.com","2004-03-14","","California","San Francisco","AS13335 Cloudflare, Inc.","94107"
"56","https://www.sandstoneam.com","2004-05-17","","Massachusetts","Cambridge","AS209242 Cloudflare London, LLC","02141"
"57","https://opnx.com","2004-06-12","","California","San Francisco","AS13335 Cloudflare, Inc.","94107"
"58","https://exchange.onetrading.com","2004-07-08","","California","San Francisco","AS13335 Cloudflare, Inc.","94107"
"59","https://retirefirst.com","2004-07-28","","Arizona","Tempe","AS209242 Cloudflare London, LLC","85284"
"60","https://cryptal.com/en","2004-08-25","","Quebec","Montréal","AS16509 Amazon.com, Inc.","H3H"
"61","https://bitpay.com","2004-11-15","","California","San Francisco","AS13335 Cloudflare, Inc.","94107"
"62","https://www.32degrees.ca","2004-11-30","","Quebec","Laval","AS63068 CrocWeb","H7G"
"63","https://builderscapital.ca","2005-02-15","","California","San Francisco","AS13335 Cloudflare, Inc.","94107"
"64","https://www.invicocapital.com","2005-08-13","","California","San Francisco","AS13335 Cloudflare, Inc.","94107"
"65","https://www.canadianwesternfinancial.com","2005-08-19","","California","San Francisco","AS13335 Cloudflare, Inc.","94107"
"66","https://www.auspicecapital.com","2005-11-14","","New York","New York City","AS53831 Squarespace, Inc.","10014"
"67","https://www.cambercapital.com","2006-02-07","","Virginia","Ashburn","AS14618 Amazon.com, Inc.","20147"
"68","https://annapoliscapital.ca","2006-03-30","","California","Los Angeles","AS15169 Google LLC","90009"
"69","https://www.jaycapfinancial.com","2006-06-05","","California","Los Angeles","AS15169 Google LLC","90009"
"70","https://matcofinancialinc.com","2007-01-11","","New Jersey","North Bergen","AS14061 DigitalOcean, LLC","07047"
"71","https://www.raynecapital.com","2007-02-21","","Utah","Provo","AS46606 Unified Layer","84601"
"72","https://vitex.net","2007-03-16","","California","San Francisco","AS13335 Cloudflare, Inc.","94107"
"73","https://www.priviticapital.com","2007-03-23","","Michigan","Detroit","AS55293 A2 Hosting, Inc.","48226"
"74","https://www.coincatch.com/en","2007-03-31","","California","San Francisco","AS13335 Cloudflare, Inc.","94107"
"75","https://balancer.fi","2007-05-09","","Washington","Seattle","AS16509 Amazon.com, Inc.","98101"
"76","https://arbitrum.balancer.fi","2007-05-09","","Washington","Seattle","AS16509 Amazon.com, Inc.","98101"
"77","https://polygon.balancer.fi","2007-05-09","","Washington","Seattle","AS16509 Amazon.com, Inc.","98101"
"78","https://umcfinancial.ca","2007-05-15","","Virginia","South Riding","AS26347 New Dream Network, LLC","20152"
"79","https://qvinvestors.com","2007-05-18","","California","San Francisco","AS13335 Cloudflare, Inc.","94107"
"80","https://www.bitmake.com","2007-05-27","","Quebec","Montréal","AS16509 Amazon.com, Inc.","H3H"
"81","https://www.miradorwealth.com","2007-06-06","","California","San Francisco","AS13335 Cloudflare, Inc.","94107"
"82","https://verse.bitcoin.com","2008-01-04","","California","San Francisco","AS13335 Cloudflare, Inc.","94107"
"83","https://www.quadrummortgage.com","2008-01-25","","California","San Francisco","AS27647 Weebly, Inc.","94103"
"84","https://www.canoefinancial.com","2008-05-28","","Washington","Seattle","AS16509 Amazon.com, Inc.","98101"
"85","https://caplink.ca","2008-06-10","","California","San Francisco","AS13335 Cloudflare, Inc.","94107"
"86","https://gold-im.com","2008-07-24","","California","Menifee","AS30148 Sucuri","92584"
"87","https://ascendex.com","2008-07-27","","California","San Francisco","AS13335 Cloudflare, Inc.","94107"
"88","https://www.dcoin.com","2008-07-28","","California","San Francisco","AS13335 Cloudflare, Inc.","94107"
"89","https://www.emirex.com","2008-10-31","","California","San Francisco","AS13335 Cloudflare, Inc.","94107"
"90","https://www.coinw.com","2009-03-24","","California","San Francisco","AS13335 Cloudflare, Inc.","94107"
"91","https://www.richmondequity.com","2009-04-28","","Missouri","Kansas City","AS396982 Google LLC","64106"
"92","https://gwealth.ca","2009-08-06","","New York","Buffalo","AS11989 Jumpline Inc","14202"
"93","https://www.toobit.com","2009-11-04","","California","San Francisco","AS13335 Cloudflare, Inc.","94107"
"94","https://pinnaclewealth.ca","2010-02-22","","Tel Aviv","Gelil Yam","AS58182 Wix.com Ltd.",""
"95","https://www.coinberry.com","2010-03-29","","Virginia","Ashburn","AS14618 Amazon.com, Inc.","20147"
"96","https://www.beringercapital.ca","2010-04-16","","California","San Francisco","AS13335 Cloudflare, Inc.","94107"
"97","https://www.bowmontcapital.com","2010-04-20","","Missouri","Kansas City","AS396982 Google LLC","64106"
"98","https://wagmi.com","2010-04-26","","Washington","Seattle","AS16509 Amazon.com, Inc.","98101"
"99","https://www.paymium.com","2010-06-03","","California","San Francisco","AS13335 Cloudflare, Inc.","94107"
"100","https://www.dwgood.com","2010-07-01","","California","San Francisco","AS27647 Weebly, Inc.","94103"
"101","https://bitcoin.me","2010-07-18","","California","San Francisco","AS13335 Cloudflare, Inc.","94107"
"102","https://www.inx.co","2010-07-22","","California","San Francisco","AS13335 Cloudflare, Inc.","94107"
"103","https://www.cvcmarketpoint.com","2010-08-20","","Ontario","Toronto","AS13768 Aptum Technologies","M5A"
"104","http://www.oneexchangecorp.com","2010-09-16","","Massachusetts","Boston","AS29873 Newfold Digital, Inc.","02108"
"105","https://www.fairdesk.com","2010-11-04","","Quebec","Montréal","AS16509 Amazon.com, Inc.","H3H"
"106","https://coinsquare.com","2011-01-17","","Washington","Seattle","AS16509 Amazon.com, Inc.","98108"
"107","https://www.bitlo.com","2011-02-08","","California","San Francisco","AS13335 Cloudflare, Inc.","94107"
"108","https://ace.io","2011-02-17","","California","San Francisco","AS13335 Cloudflare, Inc.","94107"
"109","https://www.kvcapital.ca","2011-03-06","","Virginia","Ashburn","AS14618 Amazon.com, Inc.","20147"
"110","https://www.blockchain.com","2011-03-08","","California","San Francisco","AS13335 Cloudflare, Inc.","94107"
"111","https://www.mercadobitcoin.com.br","2011-06-01","","California","San Francisco","AS13335 Cloudflare, Inc.","94107"
"112","https://www.carecanacorp.com","2011-07-08","","Ontario","Toronto","AS13768 Aptum Technologies","M5A"
"113","https://www.refractionam.com","2012-03-09","","California","Menifee","AS30148 Sucuri","92584"
"114","https://triviewcapital.com","2012-04-12","","Ontario","Toronto","AS14061 DigitalOcean, LLC","M5A"
"115","https://awcapital.ca","2012-05-03","","Georgia","Atlanta","AS63410 PrivateSystems Networks","30302"
"116","https://www.newton.co","2012-08-28","","Virginia","Ashburn","AS14618 Amazon.com, Inc.","20147"
"117","https://kripto.btcturk.com/en","2012-09-26","","California","San Francisco","AS13335 Cloudflare, Inc.","94107"
"118","https://tphco.com","2012-11-16","","California","San Francisco","AS54113 Fastly, Inc.","94108"
"119","https://www.hotcoin.com","2012-12-27","","California","San Francisco","AS13335 Cloudflare, Inc.","94107"
"120","https://www.bitforex.com","2013-03-26","","California","San Francisco","AS13335 Cloudflare, Inc.","94107"
"121","https://www.korbit.co.kr","2013-04-03","","California","San Francisco","AS13335 Cloudflare, Inc.","94107"
"122","https://www.bitcoin.co.id","2013-05-14","","California","San Francisco","AS13335 Cloudflare, Inc.","94107"
"123","https://www.btcmarkets.net","2013-05-18","","California","San Francisco","AS13335 Cloudflare, Inc.","94107"
"124","https://coinsecure.in","2013-06-21","","Washington","Seattle","AS16509 Amazon.com, Inc.","98109"
"125","https://www.wingriders.com","2013-07-29","","Quebec","Montréal","AS16509 Amazon.com, Inc.","H3H"
"126","https://bitdelta.com","2013-10-18","","California","San Francisco","AS13335 Cloudflare, Inc.","94107"
"127","https://www.coinzoom.com","2013-11-06","","California","San Francisco","AS13335 Cloudflare, Inc.","94107"
"128","https://www.bitinka.com/uk/bitinka/home","2013-11-12","","England","London","AS16276 OVH SAS","E1W"
"129","https://futures.kucoin.com","2013-11-13","","California","San Francisco","AS13335 Cloudflare, Inc.","94107"
"130","https://pro.changelly.com","2013-12-26","","California","San Francisco","AS13335 Cloudflare, Inc.","94107"
"131","https://www.deribit.com","2014-01-15","","England","London","AS207856 Sentillia B.V.","E1W"
"132","https://fatbtc.com","2014-01-20","","California","San Francisco","AS13335 Cloudflare, Inc.","94107"
"133","https://micorp.ca","2014-01-22","","California","San Francisco","AS13335 Cloudflare, Inc.","94107"
"134","https://global.bittrex.com","2014-01-25","","California","San Francisco","AS13335 Cloudflare, Inc.","94107"
"135","https://mute.io","2014-03-16","","California","San Francisco","AS13335 Cloudflare, Inc.","94107"
"136","https://kickex.com","2014-03-20","","Moscow","Moscow","AS200350 Yandex.Cloud LLC","101000"
"137","https://www.southxchange.com","2014-04-24","","California","San Francisco","AS13335 Cloudflare, Inc.","94107"
"138","https://kuna.io","2014-05-03","","California","San Francisco","AS13335 Cloudflare, Inc.","94107"
"139","https://www.coinomi.com","2014-05-08","","California","San Francisco","AS13335 Cloudflare, Inc.","94107"
"140","https://btc-trade.com.ua","2014-05-16","","Saxony","Falkenstein","AS24940 Hetzner Online GmbH","08223"
"141","https://www.altcointrader.co.za","2014-07-01","","California","San Francisco","AS13335 Cloudflare, Inc.","94107"
"142","https://azbit.com","2014-07-16","","California","San Francisco","AS13335 Cloudflare, Inc.","94107"
"143","https://www.zebpay.com","2014-08-01","","California","San Francisco","AS13335 Cloudflare, Inc.","94107"
"144","https://defira.com","2014-08-09","","Quebec","Montréal","AS16509 Amazon.com, Inc.","H3H"
"145","https://foxbit.com.br","2014-09-04","","California","San Francisco","AS13335 Cloudflare, Inc.","94107"
"146","https://dooar.com","2014-10-13","","California","San Francisco","AS13335 Cloudflare, Inc.","94107"
"147","https://leedejonesgable.com","2014-10-21","","Michigan","Romulus","AS36444 Liquid Web, L.L.C","48174"
"148","https://www.siawealth.com","2014-10-22","","Alberta","Calgary","AS13845 eStruxture Data Centers Inc.","T3S"
"149","https://www.chainalysis.com","2014-10-28","","California","San Francisco","AS13335 Cloudflare, Inc.","94107"
"150","https://lif3.com","2014-11-01","","Washington","Seattle","AS16509 Amazon.com, Inc.","98101"
"151","https://nash.io","2014-11-04","","California","San Francisco","AS13335 Cloudflare, Inc.","94107"
"152","https://remitano.com","2014-11-16","","California","San Francisco","AS13335 Cloudflare, Inc.","94107"
"153","https://bit2me.com","2014-12-09","","California","San Francisco","AS13335 Cloudflare, Inc.","94107"
"154","https://paxful.com","2015-01-24","","California","San Francisco","AS13335 Cloudflare, Inc.","94107"
"155","https://btc-alpha.com","2015-01-25","","California","San Francisco","AS13335 Cloudflare, Inc.","94107"
"156","https://grayhawkwealth.com","2015-02-10","","Virginia","Ashburn","AS400754 GoDaddy.com, LLC","20147"
"157","https://just.money","2015-03-11","","Washington","Seattle","AS16509 Amazon.com, Inc.","98101"
"158","https://onbeam.com","2015-03-20","","Washington","Seattle","AS16509 Amazon.com, Inc.","98101"
"159","https://www.deepcoin.com","2015-03-23","","Quebec","Montréal","AS16509 Amazon.com, Inc.","H3H"
"160","https://www.cwbwealth.com","2015-04-21","","California","San Francisco","AS13335 Cloudflare, Inc.","94107"
"161","https://mycrypto.com","2015-04-26","","Quebec","Montréal","AS16509 Amazon.com, Inc.","H3H"
"162","https://ciphertrace.com","2015-05-19","","California","San Francisco","AS13335 Cloudflare, Inc.","94107"
"163","https://www.bithumb.com","2015-06-16","","Nova Scotia","Halifax","AS855 Bell Canada","B3J"
"164","https://wirexapp.com","2015-06-17","","California","San Francisco","AS13335 Cloudflare, Inc.","94107"
"165","https://mercatox.com","2015-10-12","","California","San Francisco","AS13335 Cloudflare, Inc.","94107"
"166","https://bitbuy.ca","2015-11-23","","Virginia","Ashburn","AS14618 Amazon.com, Inc.","20147"
"167","https://www.trubit.com","2015-12-26","","California","San Francisco","AS13335 Cloudflare, Inc.","94107"
"168","https://www.cointiger.com","2016-02-09","","Nova Scotia","Halifax","AS855 Bell Canada","B3J"
"169","https://freiexchange.com","2016-03-17","","California","San Francisco","AS13335 Cloudflare, Inc.","94107"
"170","https://blockchainfoundry.com","2016-04-10","","New York","New York City","AS53831 Squarespace, Inc.","10014"
"171","https://rhino.fi","2016-04-13","","California","San Francisco","AS13335 Cloudflare, Inc.","94107"
"172","https://www.shouldicewealth.com","2016-04-19","","Washington","Seattle","AS2639 ZOHO","98101"
"173","https://sunswap.com","2016-05-18","","California","San Francisco","AS13335 Cloudflare, Inc.","94107"
"174","https://helixapp.com","2016-06-12","","Quebec","Montréal","AS16509 Amazon.com, Inc.","H3H"
"175","https://atlascapital.ca","2016-06-17","","Arizona","Tempe","AS209242 Cloudflare London, LLC","85284"
"176","https://www.northbridgecapital.ca","2016-06-28","","Ontario","Toronto","AS14061 DigitalOcean, LLC","M5A"
"177","https://zelosglobal.com","2016-06-28","","California","Menifee","AS30148 Sucuri","92584"
"178","https://www.buyucoin.com","2016-06-29","","California","San Francisco","AS13335 Cloudflare, Inc.","94107"
"179","https://qubeinvest.ca","2016-07-18","","South Dakota","Groton","AS14955 Northern Valley Communications LLC","57445"
"180","https://raintreewm.com","2016-07-28","","Oregon","Portland","AS26347 New Dream Network, LLC","97204"
"181","https://www.kine.io","2016-09-11","","North Holland","Amsterdam","AS54994 Meteverse Limited.","1012"
"182","https://marketplace.sinegy.com","2016-10-12","","California","San Francisco","AS13335 Cloudflare, Inc.","94107"
"183","https://idex.market","2016-10-12","","California","San Francisco","AS13335 Cloudflare, Inc.","94107"
"184","https://raintreefs.com","2016-12-06","","Oregon","Portland","AS26347 New Dream Network, LLC","97204"
"185","https://viewpointinvestment.ca","2016-12-08","","Iowa","Council Bluffs","AS396982 Google LLC","51502"
"186","https://safe.trade","2016-12-23","","California","San Francisco","AS13335 Cloudflare, Inc.","94107"
"187","https://stellarterm.com","2017-01-08","","California","San Francisco","AS13335 Cloudflare, Inc.","94107"
"188","https://pro.coinlist.co","2017-01-13","","California","San Francisco","AS13335 Cloudflare, Inc.","94107"
"189","https://degate.com","2017-04-08","","Washington","Seattle","AS16509 Amazon.com, Inc.","98108"
"190","https://tokocrypto.com","2017-05-06","","Ohio","Gahanna","AS16509 Amazon.com, Inc.","43230"
"191","https://www.icmassetmanagement.com","2017-05-09","","New York","New York City","AS53831 Squarespace, Inc.","10014"
"192","https://bitexlive.com","2017-05-26","","California","San Francisco","AS13335 Cloudflare, Inc.","94107"
"193","https://www.biconomy.com","2017-06-05","","California","San Francisco","AS13335 Cloudflare, Inc.","94107"
"194","https://loopring.io","2017-06-22","","Washington","Seattle","AS16509 Amazon.com, Inc.","98101"
"195","https://exchange.loopring.io","2017-06-22","","Ohio","Columbus","AS16509 Amazon.com, Inc.","43215"
"196","https://bitexbook.com","2017-07-20","","Hauts-de-France","Dunkerque","AS16276 OVH SAS","59140"
"197","https://hacken.io","2017-08-03","","California","San Francisco","AS13335 Cloudflare, Inc.","94107"
"198","https://dmgblockchain.com/blockseer","2017-08-09","","California","San Francisco","AS13335 Cloudflare, Inc.","94107"
"199","https://www.belaywealth.com","2017-08-10","","Quebec","Montréal","AS32613 iWeb Technologies Inc.","H3H"
"200","https://www.bitexen.com","2017-08-14","","California","San Francisco","AS13335 Cloudflare, Inc.","94107"
"201","https://www.bitopro.com","2017-09-11","","Washington","Seattle","AS16509 Amazon.com, Inc.","98108"
"202","https://tokenize.exchange","2017-09-13","","California","San Francisco","AS13335 Cloudflare, Inc.","94107"
"203","https://bitsten.com","2017-09-25","","California","San Francisco","AS13335 Cloudflare, Inc.","94107"
"204","https://www.fidelitydigitalassets.com","2017-09-25","","New Jersey","Piscataway","AS20940 Akamai International B.V.","08854"
"205","https://dragonex.io","2017-09-26","","Washington","Seattle","AS54290 Hostwinds LLC.","98101"
"206","https://www.bithash.net","2017-09-29","","California","San Francisco","AS13335 Cloudflare, Inc.","94107"
"207","https://www.ncminvestments.com","2017-10-02","","Virginia","Ashburn","AS14618 Amazon.com, Inc.","20147"
"208","https://primablock.com","2017-10-04","","California","San Francisco","AS13335 Cloudflare, Inc.","94107"
"209","https://icosyndicate.org","2017-10-07","","California","San Francisco","AS13335 Cloudflare, Inc.","94107"
"210","https://www.binance.us","2017-10-27","","Quebec","Montréal","AS16509 Amazon.com, Inc.","H3H"
"211","https://www.myfiduciary.ca","2017-10-30","","Ontario","Toronto","AS14061 DigitalOcean, LLC","M5A"
"212","https://graviex.net","2017-11-01","","California","San Francisco","AS13335 Cloudflare, Inc.","94107"
"213","https://ref.bitbns.com","2017-11-05","","California","San Francisco","AS13335 Cloudflare, Inc.","94107"
"214","https://www.nominex.io","2017-11-07","","California","San Francisco","AS13335 Cloudflare, Inc.","94107"
"215","https://atomicwallet.io","2017-11-16","","California","San Francisco","AS13335 Cloudflare, Inc.","94107"
"216","https://nami.exchange","2017-11-25","","California","San Francisco","AS13335 Cloudflare, Inc.","94107"
"217","https://mudrex.com","2017-11-27","","Quebec","Montréal","AS16509 Amazon.com, Inc.","H3H"
"218","https://wazirx.com","2017-12-05","","California","San Francisco","AS13335 Cloudflare, Inc.","94107"
"219","https://dex.globiance.com","2017-12-16","","California","San Francisco","AS13335 Cloudflare, Inc.","94107"
"220","https://narkasa.com","2017-12-20","","California","San Francisco","AS13335 Cloudflare, Inc.","94107"
"221","https://exchange.pointpay.io","2017-12-28","","California","San Francisco","AS13335 Cloudflare, Inc.","94107"
"222","https://www.bitvenus.com","2017-12-28","","Nova Scotia","Halifax","AS855 Bell Canada","B3J"
"223","https://tradeogre.com","2018-01-01","","California","San Francisco","AS13335 Cloudflare, Inc.","94107"
"224","https://www.coindcx.com","2018-01-09","","California","San Francisco","AS13335 Cloudflare, Inc.","94107"
"225","https://www.chiliz.net","2018-01-13","","Quebec","Montréal","AS16509 Amazon.com, Inc.","H3H"
"226","https://kms.kinesis.money","2018-01-16","","Quebec","Montréal","AS16509 Amazon.com, Inc.","H3H"
"227","https://tokpie.io","2018-01-17","","Saxony","Falkenstein","AS24940 Hetzner Online GmbH","08223"
"228","https://zebitex.com","2018-01-18","","California","San Francisco","AS13335 Cloudflare, Inc.","94107"
"229","https://birake.com","2018-01-22","","Bavaria","Würzburg","AS8823 Rockenstein AG","97070"
"230","https://trustedvolumes.com","2018-02-03","","California","San Francisco","AS13335 Cloudflare, Inc.","94107"
"231","https://towerasset.ca","2018-02-20","","California","San Francisco","AS54113 Fastly, Inc.","94107"
"232","https://www.delta.exchange","2018-02-20","","California","San Francisco","AS13335 Cloudflare, Inc.","94107"
"233","https://bilaxy.com","2018-02-26","","Quebec","Montréal","AS16509 Amazon.com, Inc.","H3H"
"234","https://mindgames.io","2018-03-07","","California","San Francisco","AS13335 Cloudflare, Inc.","94107"
"235","https://digitalexchange.id","2018-03-12","","California","San Francisco","AS13335 Cloudflare, Inc.","94107"
"236","https://www.icrypex.com","2018-03-13","","California","San Francisco","AS13335 Cloudflare, Inc.","94107"
"237","https://radioshack.org","2018-04-21","","California","San Francisco","AS13335 Cloudflare, Inc.","94107"
"238","https://kinsted.com","2018-05-01","","Washington","Seattle","AS16509 Amazon.com, Inc.","98108"
"239","https://omni.app","2018-05-05","","Washington","Seattle","AS16509 Amazon.com, Inc.","98101"
"240","https://liquidswap.com","2018-05-13","","California","San Francisco","AS13335 Cloudflare, Inc.","94107"
"241","https://www.bitci.com.tr/en","2018-05-21","","California","San Francisco","AS13335 Cloudflare, Inc.","94107"
"242","https://accelerateshares.com","2018-05-25","","California","Menifee","AS30148 Sucuri","92584"
"243","https://trade.bitazza.com","2018-05-29","","California","San Francisco","AS13335 Cloudflare, Inc.","94107"
"244","http://www.probit.kr","2018-05-29","","Incheon","Incheon","AS16509 Amazon.com, Inc.","21505"
"245","https://localtrade.cc","2018-06-04","","California","San Francisco","AS13335 Cloudflare, Inc.","94107"
"246","https://zipmex.com","2018-06-08","","California","San Francisco","AS13335 Cloudflare, Inc.","94107"
"247","https://www.catex.io","2018-06-12","","California","San Francisco","AS13335 Cloudflare, Inc.","94107"
"248","https://stakecube.net","2018-06-13","","California","San Francisco","AS13335 Cloudflare, Inc.","94107"
"249","https://coinsbit.io","2018-06-13","","California","San Francisco","AS13335 Cloudflare, Inc.","94107"
"250","https://www.citex.io","2018-06-15","","California","San Francisco","AS13335 Cloudflare, Inc.","94107"
"251","https://www.namebase.io","2018-07-05","","Virginia","Ashburn","AS14618 Amazon.com, Inc.","20147"
"252","https://cipherblade.com","2018-07-12","","California","San Francisco","AS209242 Cloudflare London, LLC","94107"
"253","https://vindax.com","2018-08-09","","California","San Francisco","AS13335 Cloudflare, Inc.","94107"
"254","https://www.phishfort.com","2018-08-17","","Virginia","Ashburn","AS14618 Amazon.com, Inc.","20147"
"255","https://bitstorage.finance","2018-08-30","","California","San Francisco","AS13335 Cloudflare, Inc.","94107"
"256","https://www.novadax.com.br","2018-08-31","","California","San Francisco","AS13335 Cloudflare, Inc.","94107"
"257","https://www.youhodler.com","2018-10-05","","Virginia","Ashburn","AS14618 Amazon.com, Inc.","20147"
"258","https://1bch.com","2018-10-08","","California","San Francisco","AS13335 Cloudflare, Inc.","94107"
"259","https://www.finexbox.com","2018-10-12","","California","Santa Clara","AS132203 Tencent Building, Kejizhongyi Avenue","95051"
"260","https://cryptodefendersalliance.com","2018-10-16","","New York","New York City","AS53831 Squarespace, Inc.","10014"
"261","https://www.fameex.com","2018-11-02","","Washington","Tri-Cities","AS19551 Incapsula Inc","99301"
"262","https://www.tailwindassociates.ca","2018-11-09","","Washington","Seattle","AS16509 Amazon.com, Inc.","98109"
"263","https://altmarkets.io","2018-11-29","","California","San Francisco","AS13335 Cloudflare, Inc.","94107"
"264","https://defichain.com","2019-02-03","","New York","New York City","AS54825 Packet Host, Inc.","10007"
"265","https://www.kayakcapital.ca","2019-02-07","","Quebec","Montréal","AS16509 Amazon.com, Inc.","H3H"
"266","https://balancer.exchange","2019-02-26","","California","San Francisco","AS13335 Cloudflare, Inc.","94107"
"267","https://www.highlevelwealth.ca","2019-03-11","","California","San Francisco","AS13335 Cloudflare, Inc.","94107"
"268","https://atomicdex.io","2019-03-18","","California","San Francisco","AS13335 Cloudflare, Inc.","94107"
"269","https://www.aprobit.com","2019-04-23","","California","San Francisco","AS13335 Cloudflare, Inc.","94107"
"270","https://1inch.io","2019-05-22","","California","San Francisco","AS13335 Cloudflare, Inc.","94107"
"271","https://fmfw.io","2019-05-22","","California","San Francisco","AS13335 Cloudflare, Inc.","94107"
"272","https://bitcastle.io","2019-06-03","","Singapore","Singapore","AS16509 Amazon.com, Inc.","018989"
"273","https://daomaker.com","2019-06-05","","California","San Francisco","AS13335 Cloudflare, Inc.","94107"
"274","https://graywolfai.com","2019-06-12","","California","San Francisco","AS2635 Automattic, Inc","94110"
"275","https://www.vestawealth.partners","2019-06-13","","Virginia","Ashburn","AS14618 Amazon.com, Inc.","20147"
"276","https://satstreet.com","2019-06-19","","Oregon","Boardman","AS16509 Amazon.com, Inc.","97818"
"277","https://milestonewealth.ca","2019-06-26","","Quebec","Montréal","AS16509 Amazon.com, Inc.","H3H"
"278","https://frax.finance","2019-07-31","","California","San Francisco","AS13335 Cloudflare, Inc.","94107"
"279","https://bitcointry.com","2019-08-05","","California","San Francisco","AS13335 Cloudflare, Inc.","94107"
"280","https://sologenic.org","2019-10-04","","California","San Francisco","AS13335 Cloudflare, Inc.","94107"
"281","https://hope.money","2019-10-06","","California","San Francisco","AS13335 Cloudflare, Inc.","94107"
"282","https://dem.exchange","2019-10-11","","Missouri","Kansas City","AS396982 Google LLC","64106"
"283","https://power.trade","2019-10-21","","California","San Francisco","AS13335 Cloudflare, Inc.","94107"
"284","https://circle.so","2019-11-24","","California","San Francisco","AS13335 Cloudflare, Inc.","94107"
"285","https://www.aktionariat.com","2019-12-20","","Virginia","Ashburn","AS14618 Amazon.com, Inc.","20147"
"286","https://arbitrum.curve.fi","2020-01-05","","California","San Francisco","AS13335 Cloudflare, Inc.","94107"
"287","https://xdai.curve.fi","2020-01-05","","Washington","Seattle","AS16509 Amazon.com, Inc.","98101"
"288","https://polygon.curve.fi","2020-01-05","","Washington","Seattle","AS16509 Amazon.com, Inc.","98101"
"289","https://optimism.curve.fi","2020-01-05","","Washington","Seattle","AS16509 Amazon.com, Inc.","98101"
"290","https://ftm.curve.fi","2020-01-05","","Washington","Seattle","AS16509 Amazon.com, Inc.","98101"
"291","https://www.curve.fi","2020-01-05","","Washington","Seattle","AS16509 Amazon.com, Inc.","98101"
"292","https://avax.curve.fi","2020-01-05","","Washington","Seattle","AS16509 Amazon.com, Inc.","98101"
"293","https://polkaswap.io","2020-02-08","","Quebec","Beauharnois","AS16276 OVH SAS","J6N"
"294","https://flahmingo.com","2020-02-14","","Washington","Seattle","AS16509 Amazon.com, Inc.","98101"
"295","http://www.bione.info","2020-04-23","","Washington","Seattle","AS16509 Amazon.com, Inc.","98108"
"296","https://slingshot.finance","2020-05-20","","California","San Francisco","AS13335 Cloudflare, Inc.","94107"
"297","https://bytex.io","2020-05-24","","California","San Francisco","AS13335 Cloudflare, Inc.","94107"
"298","https://zilswap.io","2020-06-06","","Missouri","Kansas City","AS396982 Google LLC","64106"
"299","https://carboninfrastructurepartners.com","2020-06-08","","England","Canterbury","AS51159 Think BV Limited","CT1"
"300","https://atbcapitalmarkets.com","2020-06-12","","Massachusetts","Cambridge","AS209242 Cloudflare London, LLC","02141"
"301","https://app.dodoex.io","2020-06-28","","California","San Francisco","AS13335 Cloudflare, Inc.","94107"
"302","https://katana.roninchain.com","2020-06-30","","California","San Francisco","AS13335 Cloudflare, Inc.","94107"
"303","https://www.sovryn.app","2020-07-11","","California","San Francisco","AS13335 Cloudflare, Inc.","94107"
"304","https://www.liquideos.com","2020-07-13","","Hong Kong","Hong Kong","AS142286 LUOGELANG (FRANCE) LIMITED",""
"305","https://quipuswap.com","2020-07-22","","Washington","Seattle","AS16509 Amazon.com, Inc.","98101"
"306","https://hydradx.io","2020-08-03","","California","San Francisco","AS13335 Cloudflare, Inc.","94107"
"307","https://openocean.finance","2020-08-11","","California","San Francisco","AS13335 Cloudflare, Inc.","94107"
"308","https://dapp.spartanprotocol.org","2020-08-15","","Virginia","Ashburn","AS14618 Amazon.com, Inc.","20147"
"309","https://soswap.rai.finance","2020-08-19","","Virginia","Ashburn","AS14618 Amazon.com, Inc.","20147"
"310","https://biswap.org","2020-08-19","","California","San Francisco","AS13335 Cloudflare, Inc.","94107"
"311","https://mimo.exchange","2020-08-28","","California","San Francisco","AS13335 Cloudflare, Inc.","94107"
"312","https://honeyswap.org","2020-08-31","","Washington","Seattle","AS16509 Amazon.com, Inc.","98101"
"313","https://soy.finance","2020-09-01","","California","San Francisco","AS13335 Cloudflare, Inc.","94107"
"314","https://exchange.sakeswap.finance","2020-09-02","","","","",""
"315","https://www.bakeryswap.org","2020-09-05","","Quebec","Montréal","AS16509 Amazon.com, Inc.","H3H"
"316","https://www.wanswap.finance","2020-09-10","","Washington","Seattle","AS16509 Amazon.com, Inc.","98101"
"317","https://luaswap.org","2020-09-11","","California","San Francisco","AS54113 Fastly, Inc.","94107"
"318","https://aptos.pancakeswap.finance","2020-09-12","","California","San Francisco","AS13335 Cloudflare, Inc.","94107"
"319","https://croswap.com","2020-09-15","","California","San Francisco","AS13335 Cloudflare, Inc.","94107"
"320","https://quickswap.exchange","2020-09-21","","California","San Francisco","AS13335 Cloudflare, Inc.","94107"
"321","https://gravityfinance.io","2020-09-29","","California","San Francisco","AS13335 Cloudflare, Inc.","94107"
"322","https://www.tenderize.me","2020-10-04","","Washington","Seattle","AS16509 Amazon.com, Inc.","98101"
"323","https://bsc.valuedefi.io","2020-10-05","","Michigan","Lansing","AS32244 Liquid Web, L.L.C","48901"
"324","https://mangata.finance","2020-10-09","","Washington","Seattle","AS16509 Amazon.com, Inc.","98108"
"325","https://www.orca.so","2020-10-13","","California","San Francisco","AS13335 Cloudflare, Inc.","94107"
"326","https://size.integral.link","2020-10-13","","California","San Francisco","AS13335 Cloudflare, Inc.","94107"
"327","https://klayswap.com","2020-10-26","","California","San Francisco","AS13335 Cloudflare, Inc.","94107"
"328","https://julswap.com","2020-11-10","","California","San Francisco","AS13335 Cloudflare, Inc.","94107"
"329","https://www.unic.ly","2020-11-11","","Washington","Seattle","AS16509 Amazon.com, Inc.","98101"
"330","https://cometh.io","2020-11-13","","Brussels Capita","Brussels","AS396982 Google LLC","1000"
"331","https://pangolin.exchange","2020-11-22","","Washington","Seattle","AS16509 Amazon.com, Inc.","98101"
"332","https://link-plans.com","2020-11-25","","California","San Francisco","AS54113 Fastly, Inc.","94107"
"333","https://catalyx.io","2020-11-28","","California","San Francisco","AS13335 Cloudflare, Inc.","94107"
"334","https://planet.finance","2020-12-05","","Washington","Seattle","AS16509 Amazon.com, Inc.","98108"
"335","https://apex.exchange","2020-12-12","","Quebec","Montréal","AS16509 Amazon.com, Inc.","H3H"
"336","https://ref.finance","2021-01-26","","California","Mountain View","AS15169 Google LLC","94043"
"337","https://raydium.io","2021-01-27","","California","San Francisco","AS13335 Cloudflare, Inc.","94107"
"338","https://shibaswap.com","2021-02-01","","California","San Francisco","AS13335 Cloudflare, Inc.","94107"
"339","https://app.osmosis.zone","2021-02-03","","California","San Francisco","AS13335 Cloudflare, Inc.","94107"
"340","https://globe.exchange","2021-02-05","","California","San Francisco","AS13335 Cloudflare, Inc.","94107"
"341","https://apeswap.finance","2021-02-06","","Washington","Seattle","AS16509 Amazon.com, Inc.","98101"
"342","https://swap.impossible.finance","2021-02-06","","Virginia","Ashburn","AS14618 Amazon.com, Inc.","20147"
"343","https://dexalot.com","2021-02-10","","Quebec","Montréal","AS16509 Amazon.com, Inc.","H3H"
"344","https://ubeswap.org","2021-02-11","","California","San Francisco","AS13335 Cloudflare, Inc.","94107"
"345","https://makiswap.com","2021-02-16","","California","San Francisco","AS13335 Cloudflare, Inc.","94107"
"346","https://voltage.finance","2021-02-21","","Quebec","Montréal","AS16509 Amazon.com, Inc.","H3H"
"347","https://app.openswap.one","2021-02-24","","Arizona","Phoenix","AS22612 Namecheap, Inc.","85001"
"348","https://crowdswap.org","2021-02-24","","Minnesota","Richfield","AS16509 Amazon.com, Inc.","55419"
"349","https://www.cherryswap.net","2021-02-26","","California","San Francisco","AS13335 Cloudflare, Inc.","94107"
"350","https://app.elk.finance","2021-03-04","","California","San Francisco","AS13335 Cloudflare, Inc.","94107"
"351","https://exchange.lydia.finance","2021-03-14","","Washington","Seattle","AS16509 Amazon.com, Inc.","98101"
"352","https://minswap.org","2021-03-15","","California","San Francisco","AS13335 Cloudflare, Inc.","94107"
"353","https://ellipsis.finance","2021-03-15","","Washington","Seattle","AS16509 Amazon.com, Inc.","98101"
"354","https://baguette.exchange","2021-03-16","","California","San Francisco","AS13335 Cloudflare, Inc.","94107"
"355","https://thorswap.finance","2021-03-16","","Washington","Seattle","AS16509 Amazon.com, Inc.","98101"
"356","https://spookyswap.finance","2021-03-19","","Skåne","Malmö","AS39287 ab stract","200 01"
"357","https://energiswap.exchange","2021-03-26","","California","San Francisco","AS13335 Cloudflare, Inc.","94107"
"358","https://sundaeswap.finance","2021-04-04","","Quebec","Montréal","AS16509 Amazon.com, Inc.","H3H"
"359","https://bytedex.io","2021-04-05","","California","San Francisco","AS13335 Cloudflare, Inc.","94107"
"360","https://spiritswap.finance","2021-04-06","","Washington","Seattle","AS16509 Amazon.com, Inc.","98101"
"361","https://dex.nearpad.io","2021-04-08","","California","San Francisco","AS13335 Cloudflare, Inc.","94107"
"362","https://crownprivatecredit.ca","2021-04-12","","Ontario","Toronto","AS14061 DigitalOcean, LLC","M5A"
"363","https://openleverage.finance","2021-04-12","","California","San Francisco","AS13335 Cloudflare, Inc.","94107"
"364","https://www.yokaiswap.com","2021-04-14","","California","San Francisco","AS13335 Cloudflare, Inc.","94107"
"365","https://kaidex.io","2021-04-15","","California","San Francisco","AS13335 Cloudflare, Inc.","94107"
"366","https://exchange.babyswap.finance","2021-04-21","","California","San Francisco","AS13335 Cloudflare, Inc.","94107"
"367","https://swap.fuzz.fi","2021-04-26","","California","San Francisco","AS13335 Cloudflare, Inc.","94107"
"368","https://solarflare.io","2021-04-27","","Virginia","Ashburn","AS14618 Amazon.com, Inc.","20147"
"369","https://tinyman.org","2021-04-29","","California","San Francisco","AS54113 Fastly, Inc.","94107"
"370","https://polycat.finance","2021-04-30","","California","San Francisco","AS13335 Cloudflare, Inc.","94107"
"371","https://exchange.pinkswap.finance","2021-05-01","","California","San Francisco","AS13335 Cloudflare, Inc.","94107"
"372","https://paintswap.finance","2021-05-02","","California","San Francisco","AS13335 Cloudflare, Inc.","94107"
"373","https://excalibur.exchange","2021-05-03","","California","San Francisco","AS13335 Cloudflare, Inc.","94107"
"374","https://defiplaza.net","2021-05-04","","California","San Francisco","AS13335 Cloudflare, Inc.","94107"
"375","https://autoshark.finance","2021-05-07","","Washington","Seattle","AS16509 Amazon.com, Inc.","98108"
"376","https://binance-dex.com","2021-05-12","","","","",""
"377","https://astroport.fi","2021-05-12","","Washington","Seattle","AS16509 Amazon.com, Inc.","98101"
"378","https://kuswap.finance","2021-05-13","","Washington","Seattle","AS16509 Amazon.com, Inc.","98101"
"379","https://thorwallet.org","2021-05-18","","Washington","Seattle","AS16509 Amazon.com, Inc.","98108"
"380","https://yoshi.exchange","2021-05-19","","California","San Francisco","AS13335 Cloudflare, Inc.","94107"
"381","https://protofi.app","2021-05-22","","California","San Francisco","AS13335 Cloudflare, Inc.","94107"
"382","https://acsi.finance","2021-05-26","","California","San Francisco","AS13335 Cloudflare, Inc.","94107"
"383","https://marsecosystem.com","2021-06-01","","California","San Francisco","AS13335 Cloudflare, Inc.","94107"
"384","https://izumi.finance","2021-06-05","","California","San Francisco","AS13335 Cloudflare, Inc.","94107"
"385","https://mojitoswap.finance","2021-06-05","","California","San Francisco","AS13335 Cloudflare, Inc.","94107"
"386","https://saber.so","2021-06-07","","California","San Francisco","AS13335 Cloudflare, Inc.","94107"
"387","https://swapr.eth.limo","2021-06-08","","Ohio","Columbus","AS16509 Amazon.com, Inc.","43215"
"388","https://clipper.exchange","2021-06-10","","Washington","Seattle","AS16509 Amazon.com, Inc.","98101"
"389","https://tangleswap.exchange","2021-06-10","","Quebec","Montréal","AS16509 Amazon.com, Inc.","H3H"
"390","https://www.ruby.exchange","2021-06-10","","Quebec","Montréal","AS16509 Amazon.com, Inc.","H3H"
"391","https://babydogeswap.com","2021-06-15","","California","San Francisco","AS13335 Cloudflare, Inc.","94107"
"392","https://shadeprotocol.io","2021-06-25","","Washington","Seattle","AS16509 Amazon.com, Inc.","98109"
"393","https://soulswap.finance","2021-06-30","","Washington","Seattle","AS16509 Amazon.com, Inc.","98101"
"394","https://algebra.finance","2021-07-02","","California","San Francisco","AS13335 Cloudflare, Inc.","94107"
"395","https://defikingdoms.com","2021-07-06","","California","San Francisco","AS54113 Fastly, Inc.","94107"
"396","https://www.traderjoexyz.com","2021-07-07","","Quebec","Montréal","AS16509 Amazon.com, Inc.","H3H"
"397","https://exchange.wagyuswap.app","2021-07-23","","California","San Francisco","AS13335 Cloudflare, Inc.","94107"
"398","https://crodex.app","2021-07-28","","Quebec","Montréal","AS16509 Amazon.com, Inc.","H3H"
"399","https://aperture.finance","2021-07-29","","Virginia","South Riding","AS16509 Amazon.com, Inc.","20152"
"400","https://voltswap.finance","2021-07-29","","Quebec","Montréal","AS16509 Amazon.com, Inc.","H3H"
"401","https://glidefinance.io","2021-08-04","","Virginia","Ashburn","AS14618 Amazon.com, Inc.","20147"
"402","https://fin.kujira.app","2021-08-05","","California","San Francisco","AS13335 Cloudflare, Inc.","94107"
"403","https://dogeshrek.com","2021-08-10","","North Holland","Amsterdam","AS55293 A2 Hosting, Inc.","1012"
"404","https://www.wombat.exchange","2021-08-11","","Washington","Seattle","AS16509 Amazon.com, Inc.","98101"
"405","https://vvs.finance","2021-08-13","","California","San Francisco","AS13335 Cloudflare, Inc.","94107"
"406","https://dsgmetaverse.com","2021-08-19","","Tokyo","Tokyo","AS16509 Amazon.com, Inc.","101-8656"
"407","https://crema.finance","2021-08-20","","Washington","Seattle","AS16509 Amazon.com, Inc.","98108"
"408","https://benswap.cash","2021-08-20","","California","San Francisco","AS13335 Cloudflare, Inc.","94107"
"409","https://thesphynx.co","2021-08-26","","New South Wales","Sydney","AS16509 Amazon.com, Inc.","1001"
"410","https://solarbeam.io","2021-08-29","","Virginia","Ashburn","AS14618 Amazon.com, Inc.","20147"
"411","https://xeggex.com","2021-08-31","","California","San Francisco","AS13335 Cloudflare, Inc.","94107"
"412","https://www.trisolaris.io","2021-09-01","","California","San Francisco","AS13335 Cloudflare, Inc.","94107"
"413","https://wigoswap.io","2021-09-04","","California","Los Angeles","AS22612 Namecheap, Inc.","90009"
"414","https://morpheusswap.finance","2021-09-06","","California","San Francisco","AS13335 Cloudflare, Inc.","94107"
"415","https://cronaswap.org","2021-09-11","","California","San Francisco","AS13335 Cloudflare, Inc.","94107"
"416","https://beamswap.io","2021-09-12","","Washington","Seattle","AS16509 Amazon.com, Inc.","98101"
"417","https://netswap.io","2021-09-13","","California","San Francisco","AS13335 Cloudflare, Inc.","94107"
"418","https://www.huckleberry.finance","2021-09-14","","Washington","Seattle","AS16509 Amazon.com, Inc.","98101"
"419","https://muesliswap.com","2021-09-14","","California","San Francisco","AS13335 Cloudflare, Inc.","94107"
"420","https://milkomeda.muesliswap.com","2021-09-14","","California","San Francisco","AS13335 Cloudflare, Inc.","94107"
"421","https://jup.ag","2021-09-15","","California","San Francisco","AS13335 Cloudflare, Inc.","94107"
"422","https://swap-evmos.spacefi.io","2021-09-16","","Singapore","Singapore","AS16509 Amazon.com, Inc.","018989"
"423","https://swap-zksync.spacefi.io","2021-09-16","","Singapore","Singapore","AS16509 Amazon.com, Inc.","018989"
"424","https://oolongswap.com","2021-09-20","","California","San Francisco","AS13335 Cloudflare, Inc.","94107"
"425","https://zipswap.fi","2021-09-30","","Skåne","Malmö","AS39287 ab stract","200 01"
"426","https://xspswap.finance","2021-09-30","","California","San Francisco","AS13335 Cloudflare, Inc.","94107"
"427","https://photonswap.finance","2021-10-02","","Washington","Seattle","AS16509 Amazon.com, Inc.","98101"
"428","https://ashswap.io","2021-10-05","","California","San Francisco","AS13335 Cloudflare, Inc.","94107"
"429","https://wannaswap.finance","2021-10-06","","California","San Francisco","AS13335 Cloudflare, Inc.","94107"
"430","https://moraswap.com","2021-10-06","","California","San Francisco","AS13335 Cloudflare, Inc.","94107"
"431","https://www.pearl.exchange","2021-10-10","","Quebec","Montréal","AS16509 Amazon.com, Inc.","H3H"
"432","https://pegasys.finance","2021-10-13","","Washington","Seattle","AS16509 Amazon.com, Inc.","98101"
"433","https://claimswap.org","2021-10-15","","Quebec","Montréal","AS16509 Amazon.com, Inc.","H3H"
"434","https://beets.fi","2021-10-23","","Washington","Seattle","AS16509 Amazon.com, Inc.","98101"
"435","https://www.mav.xyz","2021-10-24","","Washington","Seattle","AS16509 Amazon.com, Inc.","98101"
"436","https://arbswap.io","2021-10-25","","Washington","Seattle","AS16509 Amazon.com, Inc.","98101"
"437","https://tangoswap.cash","2021-10-26","","North Rhine-Wes","Düsseldorf","AS51167 Contabo GmbH","40210"
"438","https://darkdex.knightswap.financial","2021-10-26","","Quebec","Montréal","AS16509 Amazon.com, Inc.","H3H"
"439","https://titano.finance","2021-10-28","","California","San Francisco","AS13335 Cloudflare, Inc.","94107"
"440","https://www.milkyswap.exchange","2021-11-02","","Washington","Seattle","AS16509 Amazon.com, Inc.","98101"
"441","https://rcpswap.com","2021-11-04","","England","London","AS20473 The Constant Company, LLC","E1W"
"442","https://nonkyc.io","2021-11-06","","California","San Francisco","AS13335 Cloudflare, Inc.","94107"
"443","https://www.alexlab.co","2021-11-08","","Virginia","Ashburn","AS14618 Amazon.com, Inc.","20147"
"444","https://nomiswap.io","2021-11-11","","California","San Francisco","AS13335 Cloudflare, Inc.","94107"
"445","https://increment.fi","2021-11-15","","California","San Francisco","AS13335 Cloudflare, Inc.","94107"
"446","https://usdfi.com","2021-11-17","","Washington","Seattle","AS16509 Amazon.com, Inc.","98101"
"447","https://www.sharkswap.xyz","2021-11-17","","California","San Francisco","AS13335 Cloudflare, Inc.","94107"
"448","https://vertexprotocol.com","2021-11-24","","Virginia","Ashburn","AS14618 Amazon.com, Inc.","20147"
"449","https://shimmersea.finance","2021-11-26","","Illinois","Chicago","AS60068 Datacamp Limited","60666"
"450","https://occam-x.fi","2021-12-06","","California","San Francisco","AS13335 Cloudflare, Inc.","94107"
"451","https://hakuswap.com","2021-12-07","","California","Santa Clara","AS14061 DigitalOcean, LLC","95054"
"452","https://nachoxyz.com","2021-12-09","","Quebec","Montréal","AS16509 Amazon.com, Inc.","H3H"
"453","https://tethys.finance","2021-12-09","","California","San Francisco","AS13335 Cloudflare, Inc.","94107"
"454","https://stellaswap.com","2021-12-12","","California","San Francisco","AS13335 Cloudflare, Inc.","94107"
"455","https://jediswap.xyz","2021-12-13","","Washington","Seattle","AS16509 Amazon.com, Inc.","98108"
"456","https://blueshift.fi","2021-12-13","","Uusimaa","Tuusula","AS24940 Hetzner Online GmbH","04360"
"457","https://bitbegin.io","2021-12-15","","California","San Francisco","AS13335 Cloudflare, Inc.","94107"
"458","https://dogeswap.org","2021-12-23","","Singapore","Singapore","AS59253 Leaseweb Asia Pacific pte. ltd.","018989"
"459","https://diffusion.fi","2021-12-24","","California","San Francisco","AS13335 Cloudflare, Inc.","94107"
"460","https://hebeswap.com","2021-12-29","","Sofia-Capital","Sofia","AS203380 DA International Group Ltd.","1000"
"461","https://arthswap.org","2022-01-03","","Washington","Seattle","AS16509 Amazon.com, Inc.","98101"
"462","https://agoradefi.io","2022-01-03","","California","San Francisco","AS13335 Cloudflare, Inc.","94107"
"463","https://omnidex.finance","2022-01-11","","Quebec","Montréal","AS16509 Amazon.com, Inc.","H3H"
"464","https://auroraswap.net","2022-01-12","","Washington","Seattle","AS16509 Amazon.com, Inc.","98101"
"465","https://solidly.exchange","2022-01-12","","Washington","Seattle","AS16509 Amazon.com, Inc.","98101"
"466","https://polarisfinance.io","2022-01-16","","California","San Francisco","AS13335 Cloudflare, Inc.","94107"
"467","https://carbondefi.xyz","2022-01-19","","California","San Francisco","AS13335 Cloudflare, Inc.","94107"
"468","https://swappi.io","2022-01-24","","California","San Francisco","AS13335 Cloudflare, Inc.","94107"
"469","https://www.zappy.finance","2022-01-29","","Illinois","Chicago","AS63949 Akamai Connected Cloud","60666"
"470","https://flatqube.io","2022-02-09","","California","San Francisco","AS13335 Cloudflare, Inc.","94107"
"471","https://www.dystopia.exchange","2022-02-11","","California","San Francisco","AS13335 Cloudflare, Inc.","94107"
"472","https://telos.swapsicle.io","2022-02-13","","Washington","Seattle","AS16509 Amazon.com, Inc.","98101"
"473","https://mantle.swapsicle.io","2022-02-13","","Washington","Seattle","AS16509 Amazon.com, Inc.","98101"
"474","https://www.swapsicle.io","2022-02-13","","Washington","Seattle","AS16509 Amazon.com, Inc.","98101"
"475","https://dex.oracleswap.io","2022-02-16","","Washington","Seattle","AS16509 Amazon.com, Inc.","98101"
"476","https://www.saucerswap.finance","2022-02-18","","California","San Francisco","AS13335 Cloudflare, Inc.","94107"
"477","https://oraidex.io","2022-02-23","","California","Mountain View","AS54113 Fastly, Inc.","94043"
"478","https://meshswap.fi","2022-03-03","","California","San Francisco","AS13335 Cloudflare, Inc.","94107"
"479","https://evmoswap.org","2022-03-06","","California","San Francisco","AS13335 Cloudflare, Inc.","94107"
"480","https://ferroprotocol.com","2022-03-07","","California","San Francisco","AS13335 Cloudflare, Inc.","94107"
"481","https://syncswap.xyz","2022-03-11","","California","San Francisco","AS13335 Cloudflare, Inc.","94107"
"482","https://hermes.maiadao.io","2022-03-12","","Quebec","Beauharnois","AS16276 OVH SAS","J6N"
"483","https://blazeswap.xyz","2022-03-13","","California","San Francisco","AS13335 Cloudflare, Inc.","94107"
"484","https://greenhousedex.com","2022-03-15","","California","Mountain View","AS54113 Fastly, Inc.","94043"
"485","https://www.kdswap.exchange","2022-04-03","","Virginia","University Cent","AS213230 Hetzner Online GmbH","20147"
"486","https://heliswap.io","2022-04-08","","Washington","Seattle","AS16509 Amazon.com, Inc.","98108"
"487","https://koinbx.com","2022-04-13","","California","San Francisco","AS13335 Cloudflare, Inc.","94107"
"488","https://velodrome.finance","2022-04-21","","Bratislava Regi","Bratislava","AS60068 Datacamp Limited","811 01"
"489","https://www.alien.fi","2022-04-27","","Washington","Seattle","AS16509 Amazon.com, Inc.","98101"
"490","https://amaterasu.fi","2022-05-07","","","","",""
"491","https://cswap.one","2022-05-12","","Quebec","Montréal","AS16509 Amazon.com, Inc.","H3H"
"492","https://nanu.digital","2022-05-13","","California","San Francisco","AS13335 Cloudflare, Inc.","94107"
"493","https://ston.fi","2022-05-19","","Saxony","Falkenstein","AS24940 Hetzner Online GmbH","08223"
"494","https://www.purcow.io","2022-05-21","","California","San Francisco","AS13335 Cloudflare, Inc.","94107"
"495","https://sobal.fi","2022-06-01","","Virginia","Ashburn","AS14618 Amazon.com, Inc.","20147"
"496","https://icecreamswap.com","2022-06-02","","California","San Francisco","AS13335 Cloudflare, Inc.","94107"
"497","https://www.bcex.kr","2022-06-05","","California","San Francisco","AS13335 Cloudflare, Inc.","94107"
"498","https://openserum.io","2022-06-15","","California","San Francisco","AS13335 Cloudflare, Inc.","94107"
"499","https://dovish.finance","2022-06-17","","California","San Francisco","AS13335 Cloudflare, Inc.","94107"
"500","https://fx-swap.io","2022-06-17","","Virginia","Ashburn","AS45102 Alibaba (US) Technology Co., Ltd.","20147"
"501","https://surfdex.io","2022-06-30","","Washington","Seattle","AS16509 Amazon.com, Inc.","98101"
"502","https://3xcalibur.com","2022-07-07","","Washington","Seattle","AS16509 Amazon.com, Inc.","98101"
"503","https://equalizer.exchange","2022-07-08","","Washington","Seattle","AS16509 Amazon.com, Inc.","98101"
"504","https://base.equalizer.exchange","2022-07-08","","Washington","Seattle","AS16509 Amazon.com, Inc.","98101"
"505","https://polyzap.finance","2022-07-12","","California","San Francisco","AS13335 Cloudflare, Inc.","94107"
"506","https://cetus.zone","2022-07-18","","Washington","Seattle","AS16509 Amazon.com, Inc.","98108"
"507","https://astrovault.io","2022-07-19","","California","San Francisco","AS13335 Cloudflare, Inc.","94107"
"508","https://dedust.io","2022-07-25","","California","San Francisco","AS13335 Cloudflare, Inc.","94107"
"509","https://10kswap.com","2022-07-27","","Quebec","Montréal","AS16509 Amazon.com, Inc.","H3H"
"510","https://animeswap.org","2022-08-03","","California","San Francisco","AS54113 Fastly, Inc.","94107"
"511","https://dex.bluemove.net","2022-08-07","","California","San Francisco","AS13335 Cloudflare, Inc.","94107"
"512","https://melega.finance","2022-08-08","","Virginia","Ashburn","AS14618 Amazon.com, Inc.","20147"
"513","https://step.exchange","2022-08-12","","Virginia","Ashburn","AS14618 Amazon.com, Inc.","20147"
"514","https://forteswap.xyz","2022-08-16","","Virginia","Ashburn","AS14618 Amazon.com, Inc.","20147"
"515","https://miaswap.io","2022-08-17","","California","San Francisco","AS13335 Cloudflare, Inc.","94107"
"516","https://lfgswap.finance","2022-08-22","","California","San Francisco","AS13335 Cloudflare, Inc.","94107"
"517","https://smardex.io","2022-09-01","","Ohio","Gahanna","AS16509 Amazon.com, Inc.","43230"
"518","https://suiswap.app","2022-09-01","","California","San Francisco","AS54113 Fastly, Inc.","94107"
"519","https://shadowswap.xyz","2022-09-02","","California","Mountain View","AS15169 Google LLC","94043"
"520","https://powswap.io","2022-09-03","","California","San Francisco","AS13335 Cloudflare, Inc.","94107"
"521","https://thena.fi","2022-09-16","","California","San Francisco","AS13335 Cloudflare, Inc.","94107"
"522","https://www.thena.fi","2022-09-16","","California","San Francisco","AS13335 Cloudflare, Inc.","94107"
"523","https://mainnet.aux.exchange","2022-09-19","","California","Mountain View","AS54113 Fastly, Inc.","94043"
"524","https://www.pablo.finance","2022-09-21","","Virginia","Ashburn","AS14618 Amazon.com, Inc.","20147"
"525","https://camelot.exchange","2022-09-24","","California","San Francisco","AS13335 Cloudflare, Inc.","94107"
"526","https://www.kriya.finance","2022-10-06","","Quebec","Montréal","AS16509 Amazon.com, Inc.","H3H"
"527","https://ecko.finance","2022-10-07","","California","San Francisco","AS13335 Cloudflare, Inc.","94107"
"528","https://thala.fi","2022-10-09","","Washington","Seattle","AS16509 Amazon.com, Inc.","98101"
"529","https://equilibrefinance.com","2022-10-10","","Washington","Seattle","AS16509 Amazon.com, Inc.","98101"
"530","https://www.bitunix.com","2022-10-12","","New York","New York City","AS24429 Zhejiang Taobao Network Co.,Ltd","10001"
"531","https://tealswap.com","2022-10-20","","Quebec","Montréal","AS16509 Amazon.com, Inc.","H3H"
"532","https://halotrade.zone","2022-10-28","","California","San Francisco","AS13335 Cloudflare, Inc.","94107"
"533","https://zondacrypto.com","2022-10-30","","California","San Francisco","AS13335 Cloudflare, Inc.","94107"
"534","https://www.northroadic.com","2022-11-02","","New York","New York City","AS53831 Squarespace, Inc.","10014"
"535","https://acdx.cash","2022-11-04","","California","San Francisco","AS13335 Cloudflare, Inc.","94107"
"536","https://turbos.finance","2022-11-07","","Quebec","Montréal","AS16509 Amazon.com, Inc.","H3H"
"537","https://cubiswap.finance","2022-12-02","","California","San Francisco","AS13335 Cloudflare, Inc.","94107"
"538","https://onedex.app","2022-12-03","","Virginia","Ashburn","AS14618 Amazon.com, Inc.","20147"
"539","https://flowx.finance","2022-12-19","","California","San Francisco","AS13335 Cloudflare, Inc.","94107"
"540","https://zyberswap.io","2023-01-03","","Washington","Seattle","AS16509 Amazon.com, Inc.","98101"
"541","https://canto.velocimeter.xyz","2023-01-08","","California","San Francisco","AS13335 Cloudflare, Inc.","94107"
"542","https://base.velocimeter.xyz","2023-01-08","","Washington","Seattle","AS16509 Amazon.com, Inc.","98101"
"543","https://www.fubthk.com","2023-01-08","","California","San Francisco","AS13335 Cloudflare, Inc.","94107"
"544","https://spartadex.io","2023-01-12","","California","San Francisco","AS13335 Cloudflare, Inc.","94107"
"545","https://punkswap.exchange","2023-01-12","","Bavaria","Nürnberg","AS197540 netcup GmbH","90431"
"546","https://phux.io","2023-01-27","","Ontario","Toronto","AS60068 Datacamp Limited","M5A"
"547","https://solidlizard.finance","2023-01-27","","Washington","Seattle","AS16509 Amazon.com, Inc.","98101"
"548","https://sharkyswap.xyz","2023-01-31","","Illinois","Chicago","AS63949 Akamai Connected Cloud","60666"
"549","https://www.sterling.finance","2023-02-01","","Bavaria","Munich","AS47846 SEDO GmbH","80331"
"550","https://financex.trade","2023-02-03","","California","San Francisco","AS13335 Cloudflare, Inc.","94107"
"551","https://beta.ramses.exchange","2023-02-09","","Washington","Seattle","AS16509 Amazon.com, Inc.","98101"
"552","https://cl.ramses.exchange","2023-02-09","","","","",""
"553","https://unisat.io","2023-02-10","","California","San Francisco","AS13335 Cloudflare, Inc.","94107"
"554","https://www.solisnek.finance","2023-02-14","","Washington","Seattle","AS16509 Amazon.com, Inc.","98101"
"555","https://archerswap.finance","2023-02-17","","Singapore","Singapore","AS14061 DigitalOcean, LLC","627753"
"556","https://dex.enosys.global","2023-02-19","","California","San Francisco","AS13335 Cloudflare, Inc.","94107"
"557","https://zkswap.finance","2023-02-20","","Quebec","Montréal","AS16509 Amazon.com, Inc.","H3H"
"558","https://app.chronos.exchange","2023-02-28","","California","San Francisco","AS13335 Cloudflare, Inc.","94107"
"559","https://draculafi.xyz","2023-03-07","","Virginia","Ashburn","AS14618 Amazon.com, Inc.","20147"
"560","https://app.forge.trade","2023-03-10","","California","San Francisco","AS13335 Cloudflare, Inc.","94107"
"561","https://zksync.velocore.xyz","2023-03-15","","California","Mountain View","AS54113 Fastly, Inc.","94043"
"562","https://velocore.xyz","2023-03-15","","Washington","Seattle","AS16509 Amazon.com, Inc.","98109"
"563","https://linea.velocore.xyz","2023-03-15","","California","Mountain View","AS54113 Fastly, Inc.","94043"
"564","https://levinswap.org","2023-03-16","","California","San Diego","AS133618 Trellian Pty. Limited","92101"
"565","https://9inch.io","2023-03-22","","Tel Aviv","Gelil Yam","AS58182 Wix.com Ltd.",""
"566","https://www.endurancecapital.ca","2023-03-22","","New York","New York City","AS53831 Squarespace, Inc.","10014"
"567","https://arbimm.finance","2023-03-22","","California","San Francisco","AS13335 Cloudflare, Inc.","94107"
"568","https://zks.gemswap.online","2023-03-25","","Singapore","Singapore","AS20473 The Constant Company, LLC","627753"
"569","https://dapp.ezkalibur.com","2023-03-27","","California","San Francisco","AS13335 Cloudflare, Inc.","94107"
"570","https://www.echodex.io","2023-03-27","","Washington","Seattle","AS16509 Amazon.com, Inc.","98101"
"571","https://neutroswap.io","2023-03-28","","Washington","Seattle","AS16509 Amazon.com, Inc.","98101"
"572","https://fusionx.finance","2023-03-29","","Washington","Seattle","AS16509 Amazon.com, Inc.","98101"
"573","https://synthswap.io","2023-04-05","","Washington","Seattle","AS16509 Amazon.com, Inc.","98101"
"574","https://aerodrome.finance","2023-04-06","","Vienna","Vienna","AS60068 Datacamp Limited","1010"
"575","https://www.dackieswap.xyz","2023-04-11","","Washington","Seattle","AS16509 Amazon.com, Inc.","98101"
"576","https://dex.marswap.exchange","2023-04-16","","Arizona","Phoenix","AS22612 Namecheap, Inc.","85040"
"577","https://retro.finance","2023-04-17","","Washington","Seattle","AS16509 Amazon.com, Inc.","98101"
"578","https://onsenswap.xyz","2023-04-18","","California","Los Angeles","AS22612 Namecheap, Inc.","90009"
"579","https://derpdex.com","2023-04-24","","California","San Francisco","AS54113 Fastly, Inc.","94107"
"580","https://www.ayin.app","2023-05-10","","California","San Francisco","AS13335 Cloudflare, Inc.","94107"
"581","https://jswap.finance","2023-06-02","","Washington","Seattle","AS16509 Amazon.com, Inc.","98101"
"582","https://horizondex.io","2023-06-12","","California","San Francisco","AS13335 Cloudflare, Inc.","94107"
"583","https://www.fvm.exchange","2023-06-14","","Washington","Seattle","AS16509 Amazon.com, Inc.","98101"
"584","https://dex.kinetix.finance","2023-07-08","","California","San Francisco","AS13335 Cloudflare, Inc.","94107"
"585","https://agni.finance","2023-07-13","","Quebec","Montréal","AS16509 Amazon.com, Inc.","H3H"
"586","https://www.lynex.fi","2023-07-16","","Virginia","Ashburn","AS14618 Amazon.com, Inc.","20147"
"587","https://rock-swap.io","2023-07-24","","California","San Francisco","AS13335 Cloudflare, Inc.","94107"
"588","https://rocketswap.cc","2023-07-24","","California","San Francisco","AS13335 Cloudflare, Inc.","94107"
"589","https://baseswap.fi","2023-07-30","","Virginia","Ashburn","AS14618 Amazon.com, Inc.","20147"
"590","https://swapbased.finance","2023-07-31","","Washington","Seattle","AS16509 Amazon.com, Inc.","98101"
"591","https://www.baso.finance","2023-08-01","","California","San Francisco","AS13335 Cloudflare, Inc.","94107"
"592","https://alienbase.xyz","2023-08-01","","Washington","Seattle","AS16509 Amazon.com, Inc.","98108"
"593","https://www.binaryswap.io","2023-08-09","","Washington","Seattle","AS16509 Amazon.com, Inc.","98101"
"594","https://luigiswap.finance","2023-08-16","","California","San Francisco","AS13335 Cloudflare, Inc.","94107"
"595","https://dog-swap.finance","2023-08-19","","Virginia","Ashburn","AS14618 Amazon.com, Inc.","20147"
"596","https://app.citadelswap.xyz","2023-08-29","","California","San Francisco","AS13335 Cloudflare, Inc.","94107"
"597","https://allinxswap.com","2023-09-17","","Washington","Seattle","AS16509 Amazon.com, Inc.","98101"
"598","https://skydrome.finance","2023-09-22","","California","San Francisco","AS13335 Cloudflare, Inc.","94107"
"599","https://www.cantoswap.fi","2023-09-24","","Ontario","Tecumseh","AS206834 Team Internet AG","N8P"
"600","https://pacificswap.xyz","2023-10-05","","Washington","Seattle","AS16509 Amazon.com, Inc.","98101"
"601","https://tropical.finance","2023-10-07","","Hesse","Frankfurt am Ma","AS16509 Amazon.com, Inc.","60306"
"602","https://dex.scrollswap.app","2023-10-11","","Virginia","Ashburn","AS14618 Amazon.com, Inc.","20147"
"603","https://duckydefi.com","2023-11-02","","California","San Diego","AS133618 Trellian Pty. Limited","92101"
"604","https://crex.exchange","2023-11-15","","California","San Francisco","AS13335 Cloudflare, Inc.","94107"
"605","https://www.bossswap.finance","2023-12-05","","Hesse","Frankfurt am Ma","AS16509 Amazon.com, Inc.","60306"
"606","https://agoradesk.com","","","California","Redwood City","AS19551 Incapsula Inc","94065"
"607","https://newdex.io","","","California","San Francisco","AS13335 Cloudflare, Inc.","94107"
"608","https://www.wealthsimple.com","","","California","San Francisco","AS13335 Cloudflare, Inc.","94107"
"609","https://saita.pro","","","Ohio","Columbus","AS16509 Amazon.com, Inc.","43215"
"610","https://satang.pro","","","California","San Francisco","AS13335 Cloudflare, Inc.","94107"
"611","https://arbidex.fi","","","Virginia","Ashburn","AS14618 Amazon.com, Inc.","20147"
"612","https://www.okcoin.com","","","California","San Francisco","AS13335 Cloudflare, Inc.","94107"
"613","https://virgocx.ca","","","California","San Francisco","AS13335 Cloudflare, Inc.","94107"
"614","https://www.paribu.com","","","California","San Francisco","AS13335 Cloudflare, Inc.","94107"
"615","https://acala.network","","","Washington","Seattle","AS16509 Amazon.com, Inc.","98101"
"616","https://www.netcoins.com","","","California","San Francisco","AS13335 Cloudflare, Inc.","94107"
"617","https://www.fidelity.ca","","","Quebec","Montréal","AS16509 Amazon.com, Inc.","H3H"
"618","https://phemex.com","","","Quebec","Montréal","AS16509 Amazon.com, Inc.","H3H"
"619","https://www.pionex.com","","","Quebec","Montréal","AS16509 Amazon.com, Inc.","H3H"
"620","https://bitvo.com","","","Ontario","Toronto","AS8075 Microsoft Corporation","M5A"
"621","https://twitter.com/PointPay1","","","California","San Francisco","AS13414 Twitter Inc.","94103"
"622","https://www.probit.com","","","California","San Francisco","AS13335 Cloudflare, Inc.","94107"
"623","https://www.btcbox.co.jp","","","California","San Francisco","AS13335 Cloudflare, Inc.","94107"
"624","https://p2pb2b.com","","","California","San Francisco","AS13335 Cloudflare, Inc.","94107"
"625","https://stealthex.io","","","California","San Francisco","AS13335 Cloudflare, Inc.","94107"
"626","https://swapspace.co","","","California","San Francisco","AS13335 Cloudflare, Inc.","94107"
"627","https://bisq.network","","","California","San Francisco","AS13335 Cloudflare, Inc.","94107"
"628","https://cryptomat.com","","","Hesse","Frankfurt am Ma","AS16509 Amazon.com, Inc.","60306"
"629","https://www.switchain.com","","","Washington","Seattle","AS16509 Amazon.com, Inc.","98101"
"630","https://theocean.trade","","","Quebec","Montréal","AS16509 Amazon.com, Inc.","H3H"
"631","https://tidex.com","","","California","San Francisco","AS13335 Cloudflare, Inc.","94107"
"632","https://www.liquid.com","","","California","San Francisco","AS13335 Cloudflare, Inc.","94107"
"633","https://sg.upbit.com/home","","","California","San Francisco","AS13335 Cloudflare, Inc.","94107"
"634","https://whitebit.com","","","California","San Francisco","AS13335 Cloudflare, Inc.","94107"
"635","https://hitbtc.com","","","California","San Francisco","AS13335 Cloudflare, Inc.","94107"
"636","https://woo.org","","","California","San Francisco","AS13335 Cloudflare, Inc.","94107"
"637","https://xchange.me","","","California","San Francisco","AS13335 Cloudflare, Inc.","94107"
"638","https://www.zb.com","","","California","San Francisco","AS13335 Cloudflare, Inc.","94107"
"639","https://www.zigzag.exchange","","","Washington","Seattle","AS16509 Amazon.com, Inc.","98101"
"640","https://bancor.network","","","California","San Francisco","AS13335 Cloudflare, Inc.","94107"
"641","https://swop.fi","","","California","San Francisco","AS13335 Cloudflare, Inc.","94107"
"642","https://tether.to","","","California","San Francisco","AS13335 Cloudflare, Inc.","94107"
"643","https://poloniex.com","","","California","San Francisco","AS13335 Cloudflare, Inc.","94107"
"644","https://www.bitmex.com","","","California","San Francisco","AS13335 Cloudflare, Inc.","94107"
"645","https://tokenlon.im","","","Washington","Seattle","AS16509 Amazon.com, Inc.","98101"
"646","https://cex.io","","","California","San Francisco","AS13335 Cloudflare, Inc.","94107"
"647","https://cryptopia.com","","","California","San Francisco","AS13335 Cloudflare, Inc.","94107"
"648","https://cryptotaxcalculator.io","","","California","San Francisco","AS13335 Cloudflare, Inc.","94107"
"649","https://www.btcc.com","","","California","San Francisco","AS13335 Cloudflare, Inc.","94107"
"650","https://localbitcoins.com","","","California","San Francisco","AS13335 Cloudflare, Inc.","94107"
"651","https://www.nicehash.com","","","Missouri","Kansas City","AS396982 Google LLC","64106"
"652","https://uphold.com","","","California","San Francisco","AS13335 Cloudflare, Inc.","94107"
"653","https://primexbt.com","","","California","San Francisco","AS13335 Cloudflare, Inc.","94107"
"654","https://zengo.com","","","California","San Francisco","AS13335 Cloudflare, Inc.","94107"
"655","https://staysafecrypto.com","","","Virginia","Ashburn","AS14618 Amazon.com, Inc.","20147"
"656","https://coindcx.com","","","California","San Francisco","AS13335 Cloudflare, Inc.","94107"
"657","https://orderly.network","","","Missouri","Kansas City","AS396982 Google LLC","64106"
"658","https://oreoswap.finance","","","Moscow","Moscow","AS210079 EuroByte LLC","101000"
"659","https://www.gate.io","","","California","San Francisco","AS13335 Cloudflare, Inc.","94107"
"660","https://www.okx.com","","","California","San Francisco","AS13335 Cloudflare, Inc.","94107"
"661","https://www.bydfi.com","","","California","San Francisco","AS13335 Cloudflare, Inc.","94107"
"662","https://www.iiroc.ca/news-and-publications/notices-and-guidance/investor-alert-ztronfx-capital-inc","","","California","San Francisco","AS13335 Cloudflare, Inc.","94107"
"663","https://www.bitstamp.net","","","Ontario","Toronto","AS19551 Incapsula Inc","M5A"
"664","https://wx.network","","","California","San Francisco","AS13335 Cloudflare, Inc.","94107"
"665","https://www.gemini.com","","","Quebec","Montréal","AS16509 Amazon.com, Inc.","H3H"
"666","https://yodeswap.dog","","","Washington","Seattle","AS16509 Amazon.com, Inc.","98101"
"667","https://www.bitfinex.com","","","California","San Francisco","AS13335 Cloudflare, Inc.","94107"
"668","https://zaif.jp","","","Tokyo","Tokyo","AS16509 Amazon.com, Inc.","101-8656"
"669","https://plenty.network","","","California","San Francisco","AS13335 Cloudflare, Inc.","94107"
"670","https://www.kucoin.com","","","California","San Francisco","AS13335 Cloudflare, Inc.","94107"
"671","https://crypto.com","","","California","San Francisco","AS13335 Cloudflare, Inc.","94107"
"672","https://www.kraken.com","","","California","San Francisco","AS13335 Cloudflare, Inc.","94107"
"673","https://dex.zenlink.pro","","","New York","New York City","AS24429 Zhejiang Taobao Network Co.,Ltd","10001"
"674","https://www.bittrade.co.jp","","","California","San Francisco","AS13335 Cloudflare, Inc.","94107"
"675","https://www.coinbase.com","","","California","San Francisco","AS13335 Cloudflare, Inc.","94107"
"676","https://www.asc.ca/","","","Washington","Redmond","AS8075 Microsoft Corporation","98052"
"677","https://www.binance.com","","","Washington","Seattle","AS16509 Amazon.com, Inc.","98101"
"678","https://www.coinex.com","","","California","San Francisco","AS13335 Cloudflare, Inc.","94107"
"679","https://coinfalcon.com","","","California","San Francisco","AS13335 Cloudflare, Inc.","94107"
"680","https://changenow.io","","","California","San Francisco","AS13335 Cloudflare, Inc.","94107"
"681","https://changelly.com","","","California","San Francisco","AS13335 Cloudflare, Inc.","94107"
"682","https://changehero.io","","","California","San Francisco","AS13335 Cloudflare, Inc.","94107"
"683","https://www.coinfield.com","","","California","San Francisco","AS13335 Cloudflare, Inc.","94107"
"684","https://www.coinigy.com","","","Iowa","Council Bluffs","AS396982 Google LLC","51502"
"685","https://exchange.dfyn.network","","","Quebec","Montréal","AS16509 Amazon.com, Inc.","H3H"
"686","https://dforce.network","","","California","San Francisco","AS13335 Cloudflare, Inc.","94107"
"687","https://changeangel.io","","","California","San Francisco","AS13335 Cloudflare, Inc.","94107"
"688","https://robinhood.com/us/en/about/crypto","","","Quebec","Montréal","AS16509 Amazon.com, Inc.","H3H"
"689","https://www.coinjar.com","","","Quebec","Montréal","AS16509 Amazon.com, Inc.","H3H"
"690","https://www.coinmama.com","","","North Holland","Amsterdam","AS48851 Radware Ltd","1012"
"691","https://chainex.io","","","California","San Francisco","AS13335 Cloudflare, Inc.","94107"
"692","https://coinmetro.com","","","California","San Francisco","AS13335 Cloudflare, Inc.","94107"
"693","https://coinone.co.kr","","","California","San Francisco","AS13335 Cloudflare, Inc.","94107"
"694","https://www.b2bx.exchange","","","California","San Francisco","AS13335 Cloudflare, Inc.","94107"
"695","https://www.btse.com","","","Quebec","Montréal","AS16509 Amazon.com, Inc.","H3H"
"696","https://coinsbank.com","","","California","San Francisco","AS13335 Cloudflare, Inc.","94107"
"697","https://www.coinsmart.com","","","Quebec","Montréal","AS396982 Google LLC","H3H"
"698","https://magicswap.lol","","","California","San Francisco","AS13335 Cloudflare, Inc.","94107"
"699","https://coins.ph","","","California","San Francisco","AS13335 Cloudflare, Inc.","94107"
"700","https://crescent.network","","","Quebec","Montréal","AS16509 Amazon.com, Inc.","H3H"
"701","https://www.coinstore.com","","","California","San Francisco","AS13335 Cloudflare, Inc.","94107"
"702","https://pro.btcturk.com","","","California","San Francisco","AS13335 Cloudflare, Inc.","94107"
"703","https://www.btcex.com","","","","","",""
"704","https://coinswitch.co","","","California","San Francisco","AS13335 Cloudflare, Inc.","94107"
"705","https://www.cointr.pro","","","California","San Francisco","AS13335 Cloudflare, Inc.","94107"
"706","https://c-patex.com","","","California","San Francisco","AS13335 Cloudflare, Inc.","94107"
"707","https://shakepay.com","","","California","San Francisco","AS13335 Cloudflare, Inc.","94107"
"708","https://boltz.exchange","","","California","San Francisco","AS13335 Cloudflare, Inc.","94107"
"709","https://sideshift.ai/eth/btc","","","California","San Francisco","AS13335 Cloudflare, Inc.","94107"
"710","http://karura.network","","","California","San Francisco","AS13335 Cloudflare, Inc.","94107"
"711","https://simpleswap.io","","","Prague","Prague","AS200449 Qrator Labs CZ s.r.o.","110 00"
"712","https://dex-trade.com","","","California","San Francisco","AS13335 Cloudflare, Inc.","94107"
"713","https://www.kibbleswap.dog","","","Washington","Seattle","AS16509 Amazon.com, Inc.","98101"
"714","https://blockdx.net","","","California","San Francisco","AS13335 Cloudflare, Inc.","94107"
"715","https://exchange.blockchain.com","","","California","San Francisco","AS13335 Cloudflare, Inc.","94107"
"716","https://www.bkex.com","","","California","San Francisco","AS13335 Cloudflare, Inc.","94107"
"717","https://www.digifinex.com","","","California","San Francisco","AS13335 Cloudflare, Inc.","94107"
"718","https://bity.com","","","Zurich","Zürich","AS61098 Akenes SA","8000"
"719","https://bitvavo.com/en","","","California","San Francisco","AS13335 Cloudflare, Inc.","94107"
"720","https://easybit.com","","","California","San Francisco","AS13335 Cloudflare, Inc.","94107"
"721","https://exmo.com","","","California","San Francisco","AS13335 Cloudflare, Inc.","94107"
"722","https://bitso.com/mx","","","California","San Francisco","AS13335 Cloudflare, Inc.","94107"
"723","https://bittrex.com","","","California","San Francisco","AS13335 Cloudflare, Inc.","94107"
"724","https://exolix.com","","","California","San Francisco","AS13335 Cloudflare, Inc.","94107"
"725","https://wallet.bitshares.org","","","California","San Francisco","AS13335 Cloudflare, Inc.","94107"
"726","https://fixedfloat.com","","","California","San Francisco","AS13335 Cloudflare, Inc.","94107"
"727","https://www.bitrue.com/home","","","Quebec","Montréal","AS16509 Amazon.com, Inc.","H3H"
"728","https://gatehub.net","","","California","San Francisco","AS13335 Cloudflare, Inc.","94107"
"729","https://guarda.com","","","California","San Francisco","AS13335 Cloudflare, Inc.","94107"
"730","https://www.gdac.com","","","Quebec","Montréal","AS16509 Amazon.com, Inc.","H3H"
"731","https://godex.io","","","California","San Francisco","AS13335 Cloudflare, Inc.","94107"
"732","https://www.bitpanda.com","","","California","San Francisco","AS13335 Cloudflare, Inc.","94107"
"733","https://www.gopax.co.kr","","","Quebec","Montréal","AS16509 Amazon.com, Inc.","H3H"
"734","https://www.hotbit.io","","","California","San Francisco","AS13335 Cloudflare, Inc.","94107"
"735","https://www.bitladon.com","","","California","San Francisco","AS13335 Cloudflare, Inc.","94107"
"736","https://www.huobi.com","","","California","San Francisco","AS13335 Cloudflare, Inc.","94107"
"737","https://www.bitkub.com","","","California","San Francisco","AS13335 Cloudflare, Inc.","94107"
"738","https://idex.io","","","California","San Francisco","AS13335 Cloudflare, Inc.","94107"
"739","https://www.independentreserve.com","","","California","San Francisco","AS13335 Cloudflare, Inc.","94107"
"740","https://www.bitget.com","","","California","San Francisco","AS13335 Cloudflare, Inc.","94107"
"741","https://indodax.com","","","California","San Francisco","AS13335 Cloudflare, Inc.","94107"
"742","https://paxos.com/itbit","","","California","San Francisco","AS209242 Cloudflare London, LLC","94107"
"743","https://bitflyer.com/ja-jp","","","New Jersey","Piscataway","AS16625 Akamai Technologies, Inc.","08854"
"744","https://bit2c.co.il","","","California","San Francisco","AS13335 Cloudflare, Inc.","94107"
"745","https://oceanex.pro","","","California","San Francisco","AS13335 Cloudflare, Inc.","94107"
"746","https://kanga.exchange","","","California","San Francisco","AS13335 Cloudflare, Inc.","94107"
"747","https://bitcoinwell.com","","","Ontario","Toronto","AS14061 DigitalOcean, LLC","M5A"
"748","https://lightning.korbit.co.kr","","","California","San Francisco","AS13335 Cloudflare, Inc.","94107"
"749","https://kyberswap.com","","","California","San Francisco","AS13335 Cloudflare, Inc.","94107"
"750","https://latoken.com","","","California","San Francisco","AS13335 Cloudflare, Inc.","94107"
"751","https://www.lbank.com","","","California","San Francisco","AS13335 Cloudflare, Inc.","94107"
"752","https://letsexchange.io","","","California","San Francisco","AS13335 Cloudflare, Inc.","94107"
"753","https://bitbns.com","","","California","San Francisco","AS13335 Cloudflare, Inc.","94107"
"754","https://loopring.org","","","Washington","Seattle","AS16509 Amazon.com, Inc.","98101"
"755","https://bitbank.cc","","","Quebec","Montréal","AS16509 Amazon.com, Inc.","H3H"
"756","https://qmall.io","","","California","San Francisco","AS13335 Cloudflare, Inc.","94107"
"757","https://www.baryon.network","","","California","San Francisco","AS13335 Cloudflare, Inc.","94107"
"758","https://big.one","","","New Jersey","Piscataway","AS20940 Akamai International B.V.","08854"
"759","https://www.bancor.network","","","California","San Francisco","AS13335 Cloudflare, Inc.","94107"
"760","https://www.luno.com","","","California","San Francisco","AS13335 Cloudflare, Inc.","94107"
"761","https://www.maicoin.com","","","California","San Francisco","AS13335 Cloudflare, Inc.","94107"
"762","https://max.maicoin.com","","","California","San Francisco","AS13335 Cloudflare, Inc.","94107"
"763","https://altquick.com","","","California","San Francisco","AS13335 Cloudflare, Inc.","94107"
"764","https://www.mexc.com","","","Nova Scotia","Halifax","AS855 Bell Canada","B3J"
"765","https://ndax.io","","","California","San Francisco","AS13335 Cloudflare, Inc.","94107"
"766","https://balanced.network","","","Quebec","Montréal","AS16509 Amazon.com, Inc.","H3H"